009.01,002.30,-003.10,,Bsef20m500,2024-03-20 21:46:51.270495
009.01,002.30,-003.11,,Bsef20m500,2024-03-20 21:46:51.274489
009.01,002.30,-003.12,,Bsef20m500,2024-03-20 21:46:51.282489
009.01,002.31,-003.12,,Bsef20m500,2024-03-20 21:46:51.286518
009.00,002.31,-003.13,,Bsef20m500,2024-03-20 21:46:51.288489
009.00,002.31,-003.13,,Bsef20m500,2024-03-20 21:46:51.291488
009.00,002.31,-003.13,,Bsef20m500,2024-03-20 21:46:51.295488
009.00,002.31,-003.14,,Bsef20m500,2024-03-20 21:46:51.299490
009.00,002.31,-003.14,,Bsef20m500,2024-03-20 21:46:51.304488
009.00,002.31,-003.14,,Bsef20m500,2024-03-20 21:46:51.308567
009.00,002.31,-003.14,,Bsef20m500,2024-03-20 21:46:51.312490
009.00,002.31,-003.14,,Bsef20m500,2024-03-20 21:46:51.318178
009.00,002.31,-003.15,,Bsef20m500,2024-03-20 21:46:51.323177
009.00,002.31,-003.15,,Bsef20m500,2024-03-20 21:46:51.344552
009.00,002.31,-003.15,,Bsef20m500,2024-03-20 21:46:51.358001
008.99,002.31,-003.15,,Bsef20m500,2024-03-20 21:46:51.364556
008.99,002.31,-003.15,,Bsef20m500,2024-03-20 21:46:51.370654
008.99,002.31,-003.15,,Bsef20m500,2024-03-20 21:46:51.374651
008.99,002.31,-003.15,,Bsef20m500,2024-03-20 21:46:51.379652
008.99,002.31,-003.15,,Bsef20m500,2024-03-20 21:46:51.386000
008.99,002.31,-003.15,,Bsef20m500,2024-03-20 21:46:51.388438
008.99,002.31,-003.15,,Bsef20m500,2024-03-20 21:46:51.392444
008.99,002.31,-003.15,,Bsef20m500,2024-03-20 21:46:51.396437
008.99,002.31,-003.15,,Bsef20m500,2024-03-20 21:46:51.402625
008.99,002.32,-003.15,,Bsef20m500,2024-03-20 21:46:51.407763
008.99,002.32,-003.15,,Bsef20m500,2024-03-20 21:46:51.411625
008.99,002.32,-003.15,,Bsef20m500,2024-03-20 21:46:51.417731
008.99,002.32,-003.15,,Bsef20m500,2024-03-20 21:46:51.422148
008.99,002.32,-003.15,,Bsef20m500,2024-03-20 21:46:51.425728
008.99,002.32,-003.15,,Bsef20m500,2024-03-20 21:46:51.429728
008.99,002.32,-003.15,,Bsef20m500,2024-03-20 21:46:51.437116
008.99,002.32,-003.15,,Bsef20m500,2024-03-20 21:46:51.442119
008.99,002.32,-003.15,,Bsef20m500,2024-03-20 21:46:51.446114
008.99,002.32,-003.15,,Bsef20m500,2024-03-20 21:46:51.452541
008.99,002.32,-003.15,,Bsef20m500,2024-03-20 21:46:51.458536
008.99,002.32,-003.15,,Bsef20m500,2024-03-20 21:46:51.462533
008.99,002.32,-003.15,,Bsef20m500,2024-03-20 21:46:51.471980
009.00,002.32,-003.14,,Bsef20m500,2024-03-20 21:46:51.479979
009.00,002.32,-003.14,,Bsef20m500,2024-03-20 21:46:51.485836
009.00,002.32,-003.14,,Bsef20m500,2024-03-20 21:46:51.556149
009.00,002.32,-003.14,,Bsef20m500,2024-03-20 21:46:51.561147
009.00,002.32,-003.14,,Bsef20m500,2024-03-20 21:46:51.565150
009.00,002.32,-003.14,,Bsef20m500,2024-03-20 21:46:51.570152
009.00,002.32,-003.14,,Bsef20m500,2024-03-20 21:46:51.574148
009.00,002.31,-003.15,,Bsef20m500,2024-03-20 21:46:51.578147
009.00,002.31,-003.15,,Bsef20m500,2024-03-20 21:46:51.583150
009.00,002.31,-003.15,,Bsef20m500,2024-03-20 21:46:51.588148
008.99,002.31,-003.15,,Bsef20m500,2024-03-20 21:46:51.592149
008.99,002.31,-003.15,,Bsef20m500,2024-03-20 21:46:51.599005
008.99,002.31,-003.15,,Bsef20m500,2024-03-20 21:46:51.604004
008.99,002.31,-003.15,,Bsef20m500,2024-03-20 21:46:51.609003
008.99,002.31,-003.15,,Bsef20m500,2024-03-20 21:46:51.615421
008.99,002.31,-003.16,,Bsef20m500,2024-03-20 21:46:51.622426
008.99,002.31,-003.16,,Bsef20m500,2024-03-20 21:46:51.628178
008.99,002.31,-003.16,,Bsef20m500,2024-03-20 21:46:51.633289
008.99,002.31,-003.16,,Bsef20m500,2024-03-20 21:46:51.639282
008.99,002.31,-003.16,,Bsef20m500,2024-03-20 21:46:51.643346
008.99,002.31,-003.16,,Bsef20m500,2024-03-20 21:46:51.647346
008.99,002.31,-003.16,,Bsef20m500,2024-03-20 21:46:51.652352
008.99,002.31,-003.16,,Bsef20m500,2024-03-20 21:46:51.656444
008.99,002.31,-003.16,,Bsef20m500,2024-03-20 21:46:51.660459
008.99,002.31,-003.16,,Bsef20m500,2024-03-20 21:46:51.665463
008.99,002.31,-003.16,,Bsef20m500,2024-03-20 21:46:51.671797
008.99,002.31,-003.16,,Bsef20m500,2024-03-20 21:46:51.675849
008.99,002.31,-003.16,,Bsef20m500,2024-03-20 21:46:51.682947
008.99,002.31,-003.16,,Bsef20m500,2024-03-20 21:46:51.687940
008.99,002.31,-003.16,,Bsef20m500,2024-03-20 21:46:51.695945
008.99,002.31,-003.16,,Bsef20m500,2024-03-20 21:46:51.704280
008.99,002.31,-003.16,,Bsef20m500,2024-03-20 21:46:51.710401
008.99,002.31,-003.16,,Bsef20m500,2024-03-20 21:46:51.715403
008.99,002.31,-003.16,,Bsef20m500,2024-03-20 21:46:51.722177
008.99,002.31,-003.16,,Bsef20m500,2024-03-20 21:46:51.730718
008.99,002.31,-003.16,,Bsef20m500,2024-03-20 21:46:51.736718
008.99,002.31,-003.16,,Bsef20m500,2024-03-20 21:46:51.740721
008.99,002.31,-003.16,,Bsef20m500,2024-03-20 21:46:51.747627
008.99,002.31,-003.16,,Bsef20m500,2024-03-20 21:46:51.753629
008.99,002.31,-003.16,,Bsef20m500,2024-03-20 21:46:51.757527
008.99,002.31,-003.16,,Bsef20m500,2024-03-20 21:46:51.762032
008.99,002.31,-003.16,,Bsef20m500,2024-03-20 21:46:51.765526
008.99,002.31,-003.16,,Bsef20m500,2024-03-20 21:46:51.770527
008.99,002.31,-003.16,,Bsef20m500,2024-03-20 21:46:51.774580
008.99,002.32,-003.16,,Bsef20m500,2024-03-20 21:46:51.778567
008.99,002.32,-003.16,,Bsef20m500,2024-03-20 21:46:51.784063
008.99,002.32,-003.16,,Bsef20m500,2024-03-20 21:46:51.789572
008.99,002.32,-003.16,,Bsef20m500,2024-03-20 21:46:51.794568
008.99,002.32,-003.16,,Bsef20m500,2024-03-20 21:46:51.799568
008.99,002.32,-003.16,,Bsef20m500,2024-03-20 21:46:51.805571
008.99,002.32,-003.16,,Bsef20m500,2024-03-20 21:46:51.810642
008.99,002.32,-003.16,,Bsef20m500,2024-03-20 21:46:51.814635
008.99,002.32,-003.16,,Bsef20m500,2024-03-20 21:46:51.820635
008.99,002.32,-003.16,,Bsef20m500,2024-03-20 21:46:51.824637
008.99,002.32,-003.16,,Bsef20m500,2024-03-20 21:46:51.829635
008.99,002.32,-003.16,,Bsef20m500,2024-03-20 21:46:51.835398
008.99,002.32,-003.16,,Bsef20m500,2024-03-20 21:46:51.839443
008.99,002.32,-003.16,,Bsef20m500,2024-03-20 21:46:51.843441
008.99,002.32,-003.16,,Bsef20m500,2024-03-20 21:46:51.847441
008.99,002.32,-003.16,,Bsef20m500,2024-03-20 21:46:51.853441
008.99,002.32,-003.16,,Bsef20m500,2024-03-20 21:46:51.857442
008.99,002.33,-003.16,,Bsef20m500,2024-03-20 21:46:51.865443
008.99,002.33,-003.16,,Bsef20m500,2024-03-20 21:46:51.869441
008.99,002.33,-003.16,,Bsef20m500,2024-03-20 21:46:51.874441
008.99,002.33,-003.16,,Bsef20m500,2024-03-20 21:46:51.878441
008.99,002.33,-003.16,,Bsef20m500,2024-03-20 21:46:51.882441
008.99,002.33,-003.16,,Bsef20m500,2024-03-20 21:46:51.886442
008.99,002.33,-003.16,,Bsef20m500,2024-03-20 21:46:51.890442
008.99,002.33,-003.16,,Bsef20m500,2024-03-20 21:46:51.894441
008.99,002.33,-003.16,,Bsef20m500,2024-03-20 21:46:51.900314
008.99,002.33,-003.16,,Bsef20m500,2024-03-20 21:46:51.906313
008.99,002.33,-003.16,,Bsef20m500,2024-03-20 21:46:51.915875
008.99,002.33,-003.16,,Bsef20m500,2024-03-20 21:46:51.921965
008.99,002.33,-003.16,,Bsef20m500,2024-03-20 21:46:51.926966
008.99,002.33,-003.16,,Bsef20m500,2024-03-20 21:46:51.934645
008.99,002.33,-003.16,,Bsef20m500,2024-03-20 21:46:51.941645
008.99,002.33,-003.16,,Bsef20m500,2024-03-20 21:46:51.952041
008.99,002.33,-003.16,,Bsef20m500,2024-03-20 21:46:51.959037
008.99,002.33,-003.16,,Bsef20m500,2024-03-20 21:46:51.965086
008.99,002.33,-003.16,,Bsef20m500,2024-03-20 21:46:51.974378
008.99,002.33,-003.16,,Bsef20m500,2024-03-20 21:46:51.983683
008.99,002.34,-003.16,,Bsef20m500,2024-03-20 21:46:51.989972
008.98,002.34,-003.16,,Bsef20m500,2024-03-20 21:46:51.994153
008.98,002.34,-003.16,,Bsef20m500,2024-03-20 21:46:51.997649
008.98,002.34,-003.16,,Bsef20m500,2024-03-20 21:46:52.004728
008.98,002.34,-003.17,,Bsef20m500,2024-03-20 21:46:52.010723
008.98,002.34,-003.17,,Bsef20m500,2024-03-20 21:46:52.016723
008.98,002.34,-003.17,,Bsef20m500,2024-03-20 21:46:52.021771
008.98,002.34,-003.17,,Bsef20m500,2024-03-20 21:46:52.027822
008.98,002.34,-003.17,,Bsef20m500,2024-03-20 21:46:52.032822
008.98,002.34,-003.17,,Bsef20m500,2024-03-20 21:46:52.038175
008.98,002.34,-003.17,,Bsef20m500,2024-03-20 21:46:52.044173
008.98,002.34,-003.17,,Bsef20m500,2024-03-20 21:46:52.051819
008.98,002.33,-003.17,,Bsef20m500,2024-03-20 21:46:52.064211
008.98,002.33,-003.17,,Bsef20m500,2024-03-20 21:46:52.070700
008.98,002.33,-003.17,,Bsef20m500,2024-03-20 21:46:52.078950
008.98,002.33,-003.17,,Bsef20m500,2024-03-20 21:46:52.084949
008.98,002.33,-003.17,,Bsef20m500,2024-03-20 21:46:52.091964
008.98,002.33,-003.17,,Bsef20m500,2024-03-20 21:46:52.103248
008.98,002.32,-003.17,,Bsef20m500,2024-03-20 21:46:52.112342
008.98,002.32,-003.17,,Bsef20m500,2024-03-20 21:46:52.122951
008.98,002.32,-003.17,,Bsef20m500,2024-03-20 21:46:52.127949
008.98,002.32,-003.17,,Bsef20m500,2024-03-20 21:46:52.137033
008.98,002.32,-003.17,,Bsef20m500,2024-03-20 21:46:52.141948
008.98,002.32,-003.17,,Bsef20m500,2024-03-20 21:46:52.144947
008.98,002.32,-003.17,,Bsef20m500,2024-03-20 21:46:52.153948
008.98,002.32,-003.17,,Bsef20m500,2024-03-20 21:46:52.159017
008.98,002.32,-003.17,,Bsef20m500,2024-03-20 21:46:52.163017
008.98,002.32,-003.17,,Bsef20m500,2024-03-20 21:46:52.171521
008.98,002.33,-003.18,,Bsef20m500,2024-03-20 21:46:52.175522
008.98,002.33,-003.18,,Bsef20m500,2024-03-20 21:46:52.182058
008.98,002.33,-003.18,,Bsef20m500,2024-03-20 21:46:52.188587
008.98,002.33,-003.18,,Bsef20m500,2024-03-20 21:46:52.192588
008.98,002.33,-003.18,,Bsef20m500,2024-03-20 21:46:52.199594
008.98,002.33,-003.19,,Bsef20m500,2024-03-20 21:46:52.206435
008.98,002.33,-003.19,,Bsef20m500,2024-03-20 21:46:52.212901
008.98,002.33,-003.19,,Bsef20m500,2024-03-20 21:46:52.219714
008.97,002.33,-003.19,,Bsef20m500,2024-03-20 21:46:52.225799
008.97,002.33,-003.20,,Bsef20m500,2024-03-20 21:46:52.230763
008.97,002.33,-003.20,,Bsef20m500,2024-03-20 21:46:52.238230
008.97,002.34,-003.20,,Bsef20m500,2024-03-20 21:46:52.243330
008.97,002.34,-003.20,,Bsef20m500,2024-03-20 21:46:52.248617
008.97,002.34,-003.20,,Bsef20m500,2024-03-20 21:46:52.254613
008.97,002.34,-003.20,,Bsef20m500,2024-03-20 21:46:52.258031
008.97,002.34,-003.20,,Bsef20m500,2024-03-20 21:46:52.263031
008.97,002.34,-003.20,,Bsef20m500,2024-03-20 21:46:52.269032
008.97,002.34,-003.20,,Bsef20m500,2024-03-20 21:46:52.274031
008.97,002.34,-003.20,,Bsef20m500,2024-03-20 21:46:52.279031
008.97,002.34,-003.20,,Bsef20m500,2024-03-20 21:46:52.286107
008.97,002.34,-003.20,,Bsef20m500,2024-03-20 21:46:52.291157
008.97,002.34,-003.20,,Bsef20m500,2024-03-20 21:46:52.297159
008.97,002.35,-003.20,,Bsef20m500,2024-03-20 21:46:52.303155
008.97,002.35,-003.20,,Bsef20m500,2024-03-20 21:46:52.307155
008.97,002.35,-003.20,,Bsef20m500,2024-03-20 21:46:52.311154
008.97,002.35,-003.20,,Bsef20m500,2024-03-20 21:46:52.316342
008.97,002.36,-003.20,,Bsef20m500,2024-03-20 21:46:52.321104
008.97,002.36,-003.20,,Bsef20m500,2024-03-20 21:46:52.325111
008.97,002.36,-003.20,,Bsef20m500,2024-03-20 21:46:52.329107
008.96,002.36,-003.20,,Bsef20m500,2024-03-20 21:46:52.335312
008.96,002.37,-003.20,,Bsef20m500,2024-03-20 21:46:52.340310
008.96,002.37,-003.20,,Bsef20m500,2024-03-20 21:46:52.345310
008.96,002.37,-003.20,,Bsef20m500,2024-03-20 21:46:52.351316
008.96,002.37,-003.20,,Bsef20m500,2024-03-20 21:46:52.360542
008.96,002.37,-003.20,,Bsef20m500,2024-03-20 21:46:52.402729
008.96,002.37,-003.20,,Bsef20m500,2024-03-20 21:46:52.407729
008.96,002.37,-003.20,,Bsef20m500,2024-03-20 21:46:52.417258
008.96,002.37,-003.20,,Bsef20m500,2024-03-20 21:46:52.430257
008.96,002.38,-003.20,,Bsef20m500,2024-03-20 21:46:52.440241
008.96,002.38,-003.20,,Bsef20m500,2024-03-20 21:46:52.455128
008.96,002.38,-003.20,,Bsef20m500,2024-03-20 21:46:52.467649
008.96,002.38,-003.20,,Bsef20m500,2024-03-20 21:46:52.487281
008.96,002.38,-003.20,,Bsef20m500,2024-03-20 21:46:52.493281
008.96,002.38,-003.20,,Bsef20m500,2024-03-20 21:46:52.502407
008.96,002.38,-003.20,,Bsef20m500,2024-03-20 21:46:52.507928
008.96,002.38,-003.20,,Bsef20m500,2024-03-20 21:46:52.512929
008.96,002.38,-003.20,,Bsef20m500,2024-03-20 21:46:52.621710
008.96,002.38,-003.20,,Bsef20m500,2024-03-20 21:46:52.656812
008.96,002.38,-003.20,,Bsef20m500,2024-03-20 21:46:52.665682
008.96,002.37,-003.20,,Bsef20m500,2024-03-20 21:46:52.674877
008.96,002.37,-003.20,,Bsef20m500,2024-03-20 21:46:52.678876
008.96,002.37,-003.20,,Bsef20m500,2024-03-20 21:46:52.688917
008.96,002.37,-003.20,,Bsef20m500,2024-03-20 21:46:52.696266
008.96,002.37,-003.21,,Bsef20m500,2024-03-20 21:46:52.707946
008.96,002.37,-003.21,,Bsef20m500,2024-03-20 21:46:52.712979
008.96,002.37,-003.21,,Bsef20m500,2024-03-20 21:46:52.720581
008.96,002.37,-003.21,,Bsef20m500,2024-03-20 21:46:52.726588
008.95,002.37,-003.22,,Bsef20m500,2024-03-20 21:46:52.731747
008.95,002.37,-003.22,,Bsef20m500,2024-03-20 21:46:52.739291
008.95,002.37,-003.22,,Bsef20m500,2024-03-20 21:46:52.743292
008.95,002.37,-003.22,,Bsef20m500,2024-03-20 21:46:52.753237
008.95,002.37,-003.23,,Bsef20m500,2024-03-20 21:46:52.757127
008.95,002.37,-003.23,,Bsef20m500,2024-03-20 21:46:52.762125
008.95,002.38,-003.23,,Bsef20m500,2024-03-20 21:46:52.772606
008.95,002.38,-003.23,,Bsef20m500,2024-03-20 21:46:52.779962
008.95,002.38,-003.24,,Bsef20m500,2024-03-20 21:46:52.790146
008.94,002.38,-003.24,,Bsef20m500,2024-03-20 21:46:52.799413
008.94,002.38,-003.24,,Bsef20m500,2024-03-20 21:46:52.807546
008.94,002.38,-003.25,,Bsef20m500,2024-03-20 21:46:52.812546
008.94,002.39,-003.25,,Bsef20m500,2024-03-20 21:46:52.822547
008.94,002.39,-003.25,,Bsef20m500,2024-03-20 21:46:52.828546
008.94,002.39,-003.26,,Bsef20m500,2024-03-20 21:46:52.840096
008.93,002.39,-003.26,,Bsef20m500,2024-03-20 21:46:52.845096
008.93,002.39,-003.26,,Bsef20m500,2024-03-20 21:46:52.853774
008.93,002.40,-003.26,,Bsef20m500,2024-03-20 21:46:52.860874
008.93,002.40,-003.26,,Bsef20m500,2024-03-20 21:46:52.871541
008.93,002.40,-003.27,,Bsef20m500,2024-03-20 21:46:52.877542
008.93,002.40,-003.27,,Bsef20m500,2024-03-20 21:46:52.885554
008.93,002.40,-003.27,,Bsef20m500,2024-03-20 21:46:52.890540
008.93,002.41,-003.27,,Bsef20m500,2024-03-20 21:46:52.894570
008.93,002.41,-003.27,,Bsef20m500,2024-03-20 21:46:52.903752
008.92,002.41,-003.27,,Bsef20m500,2024-03-20 21:46:52.909188
008.92,002.42,-003.27,,Bsef20m500,2024-03-20 21:46:52.914086
008.92,002.42,-003.28,,Bsef20m500,2024-03-20 21:46:52.927251
008.92,002.43,-003.28,,Bsef20m500,2024-03-20 21:46:52.933249
008.91,002.43,-003.29,,Bsef20m500,2024-03-20 21:46:52.938285
008.91,002.43,-003.29,,Bsef20m500,2024-03-20 21:46:52.942285
008.91,002.43,-003.30,,Bsef20m500,2024-03-20 21:46:52.947417
008.91,002.43,-003.30,,Bsef20m500,2024-03-20 21:46:52.954447
008.91,002.43,-003.30,,Bsef20m500,2024-03-20 21:46:52.958446
008.90,002.43,-003.31,,Bsef20m500,2024-03-20 21:46:52.965449
008.90,002.44,-003.31,,Bsef20m500,2024-03-20 21:46:52.972680
008.90,002.44,-003.32,,Bsef20m500,2024-03-20 21:46:52.977674
008.90,002.44,-003.32,,Bsef20m500,2024-03-20 21:46:52.984683
008.90,002.44,-003.33,,Bsef20m500,2024-03-20 21:46:52.990976
008.89,002.45,-003.33,,Bsef20m500,2024-03-20 21:46:52.995673
008.89,002.45,-003.33,,Bsef20m500,2024-03-20 21:46:53.002922
008.89,002.45,-003.33,,Bsef20m500,2024-03-20 21:46:53.008988
008.89,002.45,-003.34,,Bsef20m500,2024-03-20 21:46:53.018082
008.89,002.45,-003.34,,Bsef20m500,2024-03-20 21:46:53.025077
008.89,002.45,-003.34,,Bsef20m500,2024-03-20 21:46:53.034001
008.89,002.45,-003.34,,Bsef20m500,2024-03-20 21:46:53.040989
008.89,002.44,-003.34,,Bsef20m500,2024-03-20 21:46:53.045985
008.89,002.44,-003.34,,Bsef20m500,2024-03-20 21:46:53.051991
008.89,002.44,-003.33,,Bsef20m500,2024-03-20 21:46:53.055986
008.90,002.44,-003.33,,Bsef20m500,2024-03-20 21:46:53.062984
008.90,002.44,-003.33,,Bsef20m500,2024-03-20 21:46:53.071000
008.90,002.44,-003.32,,Bsef20m500,2024-03-20 21:46:53.076984
008.90,002.43,-003.32,,Bsef20m500,2024-03-20 21:46:53.083793
008.90,002.43,-003.31,,Bsef20m500,2024-03-20 21:46:53.089427
008.90,002.44,-003.31,,Bsef20m500,2024-03-20 21:46:53.093065
008.90,002.44,-003.31,,Bsef20m500,2024-03-20 21:46:53.097062
008.90,002.44,-003.31,,Bsef20m500,2024-03-20 21:46:53.105063
008.90,002.44,-003.31,,Bsef20m500,2024-03-20 21:46:53.109062
008.90,002.44,-003.31,,Bsef20m500,2024-03-20 21:46:53.113063
008.90,002.44,-003.31,,Bsef20m500,2024-03-20 21:46:53.120126
008.90,002.45,-003.31,,Bsef20m500,2024-03-20 21:46:53.124124
008.90,002.45,-003.31,,Bsef20m500,2024-03-20 21:46:53.131049
008.90,002.45,-003.31,,Bsef20m500,2024-03-20 21:46:53.140201
008.90,002.46,-003.31,,Bsef20m500,2024-03-20 21:46:53.145200
008.89,002.47,-003.31,,Bsef20m500,2024-03-20 21:46:53.153317
008.89,002.47,-003.32,,Bsef20m500,2024-03-20 21:46:53.158315
008.89,002.47,-003.32,,Bsef20m500,2024-03-20 21:46:53.164077
008.89,002.48,-003.32,,Bsef20m500,2024-03-20 21:46:53.172760
008.89,002.49,-003.32,,Bsef20m500,2024-03-20 21:46:53.177561
008.89,002.49,-003.32,,Bsef20m500,2024-03-20 21:46:53.183817
008.88,002.50,-003.32,,Bsef20m500,2024-03-20 21:46:53.190062
008.88,002.50,-003.32,,Bsef20m500,2024-03-20 21:46:53.195062
008.88,002.51,-003.32,,Bsef20m500,2024-03-20 21:46:53.201079
008.88,002.52,-003.32,,Bsef20m500,2024-03-20 21:46:53.207067
008.87,002.53,-003.32,,Bsef20m500,2024-03-20 21:46:53.213201
008.87,002.54,-003.32,,Bsef20m500,2024-03-20 21:46:53.221998
008.87,002.55,-003.31,,Bsef20m500,2024-03-20 21:46:53.227000
008.87,002.56,-003.31,,Bsef20m500,2024-03-20 21:46:53.238373
008.87,002.57,-003.31,,Bsef20m500,2024-03-20 21:46:53.244505
008.86,002.58,-003.31,,Bsef20m500,2024-03-20 21:46:53.251372
008.86,002.58,-003.31,,Bsef20m500,2024-03-20 21:46:53.257602
008.86,002.60,-003.30,,Bsef20m500,2024-03-20 21:46:53.264980
008.86,002.61,-003.30,,Bsef20m500,2024-03-20 21:46:53.271030
008.86,002.61,-003.30,,Bsef20m500,2024-03-20 21:46:53.274560
008.86,002.62,-003.29,,Bsef20m500,2024-03-20 21:46:53.281867
008.86,002.63,-003.29,,Bsef20m500,2024-03-20 21:46:53.289119
008.86,002.63,-003.29,,Bsef20m500,2024-03-20 21:46:53.294119
008.86,002.64,-003.28,,Bsef20m500,2024-03-20 21:46:53.302541
008.86,002.64,-003.28,,Bsef20m500,2024-03-20 21:46:53.307534
008.86,002.65,-003.28,,Bsef20m500,2024-03-20 21:46:53.313535
008.86,002.65,-003.27,,Bsef20m500,2024-03-20 21:46:53.321856
008.86,002.65,-003.27,,Bsef20m500,2024-03-20 21:46:53.326851
008.86,002.66,-003.27,,Bsef20m500,2024-03-20 21:46:53.329852
008.86,002.66,-003.26,,Bsef20m500,2024-03-20 21:46:53.341147
008.86,002.66,-003.26,,Bsef20m500,2024-03-20 21:46:53.347308
008.86,002.66,-003.26,,Bsef20m500,2024-03-20 21:46:53.356349
008.86,002.66,-003.26,,Bsef20m500,2024-03-20 21:46:53.362593
008.86,002.67,-003.25,,Bsef20m500,2024-03-20 21:46:53.370318
008.86,002.67,-003.25,,Bsef20m500,2024-03-20 21:46:53.375261
008.86,002.67,-003.25,,Bsef20m500,2024-03-20 21:46:53.379900
008.86,002.67,-003.24,,Bsef20m500,2024-03-20 21:46:53.386260
008.86,002.67,-003.24,,Bsef20m500,2024-03-20 21:46:53.390260
008.87,002.67,-003.23,,Bsef20m500,2024-03-20 21:46:53.395488
008.87,002.67,-003.23,,Bsef20m500,2024-03-20 21:46:53.401408
008.88,002.63,-003.22,,Bsef20m500,2024-03-20 21:46:53.411270
008.88,002.62,-003.22,,Bsef20m500,2024-03-20 21:46:53.416274
008.89,002.62,-003.22,,Bsef20m500,2024-03-20 21:46:53.421269
008.89,002.62,-003.22,,Bsef20m500,2024-03-20 21:46:53.427269
008.88,002.62,-003.22,,Bsef20m500,2024-03-20 21:46:53.432271
008.88,002.63,-003.22,,Bsef20m500,2024-03-20 21:46:53.437268
008.87,002.64,-003.23,,Bsef20m500,2024-03-20 21:46:53.443269
008.87,002.65,-003.24,,Bsef20m500,2024-03-20 21:46:53.447270
008.87,002.65,-003.24,,Bsef20m500,2024-03-20 21:46:53.454237
008.86,002.67,-003.25,,Bsef20m500,2024-03-20 21:46:53.462409
008.86,002.67,-003.25,,Bsef20m500,2024-03-20 21:46:53.469449
008.86,002.67,-003.26,,Bsef20m500,2024-03-20 21:46:53.474448
008.85,002.67,-003.26,,Bsef20m500,2024-03-20 21:46:53.480758
008.85,002.67,-003.27,,Bsef20m500,2024-03-20 21:46:53.486693
008.85,002.67,-003.27,,Bsef20m500,2024-03-20 21:46:53.490694
008.85,002.66,-003.27,,Bsef20m500,2024-03-20 21:46:53.494693
008.86,002.66,-003.27,,Bsef20m500,2024-03-20 21:46:53.501981
008.86,002.65,-003.27,,Bsef20m500,2024-03-20 21:46:53.505977
008.86,002.65,-003.26,,Bsef20m500,2024-03-20 21:46:53.509025
008.86,002.64,-003.26,,Bsef20m500,2024-03-20 21:46:53.513026
008.86,002.64,-003.26,,Bsef20m500,2024-03-20 21:46:53.519027
008.86,002.63,-003.26,,Bsef20m500,2024-03-20 21:46:53.523133
008.87,002.63,-003.27,,Bsef20m500,2024-03-20 21:46:53.526846
008.87,002.62,-003.27,,Bsef20m500,2024-03-20 21:46:53.530726
008.87,002.62,-003.27,,Bsef20m500,2024-03-20 21:46:53.536761
008.87,002.61,-003.27,,Bsef20m500,2024-03-20 21:46:53.539761
008.87,002.61,-003.27,,Bsef20m500,2024-03-20 21:46:53.543762
008.87,002.61,-003.27,,Bsef20m500,2024-03-20 21:46:53.548250
008.87,002.60,-003.28,,Bsef20m500,2024-03-20 21:46:53.553398
008.87,002.60,-003.28,,Bsef20m500,2024-03-20 21:46:53.556400
008.87,002.60,-003.28,,Bsef20m500,2024-03-20 21:46:53.560398
008.87,002.59,-003.28,,Bsef20m500,2024-03-20 21:46:53.564130
008.87,002.59,-003.28,,Bsef20m500,2024-03-20 21:46:53.568126
008.87,002.59,-003.29,,Bsef20m500,2024-03-20 21:46:53.572128
008.87,002.58,-003.30,,Bsef20m500,2024-03-20 21:46:53.577128
008.87,002.58,-003.30,,Bsef20m500,2024-03-20 21:46:53.581127
008.87,002.58,-003.30,,Bsef20m500,2024-03-20 21:46:53.586203
008.87,002.57,-003.31,,Bsef20m500,2024-03-20 21:46:53.589202
008.86,002.57,-003.31,,Bsef20m500,2024-03-20 21:46:53.593656
008.86,002.57,-003.31,,Bsef20m500,2024-03-20 21:46:53.597656
008.86,002.57,-003.32,,Bsef20m500,2024-03-20 21:46:53.600688
008.86,002.57,-003.32,,Bsef20m500,2024-03-20 21:46:53.604687
008.86,002.57,-003.32,,Bsef20m500,2024-03-20 21:46:53.608688
008.86,002.57,-003.33,,Bsef20m500,2024-03-20 21:46:53.612687
008.86,002.57,-003.33,,Bsef20m500,2024-03-20 21:46:53.616767
008.86,002.57,-003.33,,Bsef20m500,2024-03-20 21:46:53.619767
008.86,002.57,-003.33,,Bsef20m500,2024-03-20 21:46:53.623767
008.86,002.57,-003.33,,Bsef20m500,2024-03-20 21:46:53.627767
008.86,002.57,-003.34,,Bsef20m500,2024-03-20 21:46:53.631767
008.86,002.57,-003.34,,Bsef20m500,2024-03-20 21:46:53.635766
008.86,002.57,-003.34,,Bsef20m500,2024-03-20 21:46:53.638770
008.85,002.57,-003.34,,Bsef20m500,2024-03-20 21:46:53.642768
008.85,002.57,-003.35,,Bsef20m500,2024-03-20 21:46:53.646767
008.85,002.57,-003.35,,Bsef20m500,2024-03-20 21:46:53.650768
008.85,002.57,-003.35,,Bsef20m500,2024-03-20 21:46:53.654767
008.85,002.57,-003.36,,Bsef20m500,2024-03-20 21:46:53.657767
008.85,002.57,-003.36,,Bsef20m500,2024-03-20 21:46:53.661769
008.84,002.58,-003.36,,Bsef20m500,2024-03-20 21:46:53.665768
008.84,002.58,-003.36,,Bsef20m500,2024-03-20 21:46:53.669767
008.84,002.58,-003.37,,Bsef20m500,2024-03-20 21:46:53.673777
008.84,002.58,-003.37,,Bsef20m500,2024-03-20 21:46:53.676769
008.84,002.59,-003.37,,Bsef20m500,2024-03-20 21:46:53.680830
008.83,002.59,-003.38,,Bsef20m500,2024-03-20 21:46:53.684672
008.83,002.60,-003.39,,Bsef20m500,2024-03-20 21:46:53.687695
008.82,002.61,-003.39,,Bsef20m500,2024-03-20 21:46:53.689695
008.82,002.61,-003.39,,Bsef20m500,2024-03-20 21:46:55.431963
008.82,002.61,-003.39,,Bsef20m500,2024-03-20 21:46:55.445098
008.82,002.61,-003.39,,Bsef20m500,2024-03-20 21:46:55.459853
008.82,002.61,-003.39,,Bsef20m500,2024-03-20 21:46:55.466859
008.82,002.62,-003.39,,Bsef20m500,2024-03-20 21:46:55.473569
008.82,002.62,-003.39,,Bsef20m500,2024-03-20 21:46:55.478568
008.82,002.63,-003.39,,Bsef20m500,2024-03-20 21:46:55.487612
008.81,002.64,-003.40,,Bsef20m500,2024-03-20 21:46:55.497084
008.81,002.64,-003.40,,Bsef20m500,2024-03-20 21:46:55.505082
008.81,002.65,-003.40,,Bsef20m500,2024-03-20 21:46:55.513685
008.81,002.65,-003.40,,Bsef20m500,2024-03-20 21:46:55.521774
008.81,002.65,-003.40,,Bsef20m500,2024-03-20 21:46:55.527868
008.81,002.66,-003.40,,Bsef20m500,2024-03-20 21:46:55.532896
008.81,002.66,-003.39,,Bsef20m500,2024-03-20 21:46:55.539075
008.81,002.67,-003.39,,Bsef20m500,2024-03-20 21:46:55.544101
008.80,002.67,-003.39,,Bsef20m500,2024-03-20 21:46:55.549668
008.80,002.67,-003.40,,Bsef20m500,2024-03-20 21:46:55.556664
008.80,002.67,-003.40,,Bsef20m500,2024-03-20 21:46:55.561802
008.80,002.68,-003.40,,Bsef20m500,2024-03-20 21:46:55.570628
008.80,002.68,-003.40,,Bsef20m500,2024-03-20 21:46:55.575796
008.80,002.68,-003.40,,Bsef20m500,2024-03-20 21:46:55.581774
008.80,002.68,-003.40,,Bsef20m500,2024-03-20 21:46:55.590946
008.80,002.68,-003.40,,Bsef20m500,2024-03-20 21:46:55.596095
008.80,002.68,-003.40,,Bsef20m500,2024-03-20 21:46:55.604712
008.80,002.68,-003.40,,Bsef20m500,2024-03-20 21:46:55.609927
008.80,002.68,-003.40,,Bsef20m500,2024-03-20 21:46:55.615750
008.80,002.68,-003.40,,Bsef20m500,2024-03-20 21:46:55.621895
008.80,002.67,-003.40,,Bsef20m500,2024-03-20 21:46:55.625378
008.80,002.67,-003.40,,Bsef20m500,2024-03-20 21:46:55.632622
008.80,002.67,-003.40,,Bsef20m500,2024-03-20 21:46:55.638616
008.80,002.67,-003.40,,Bsef20m500,2024-03-20 21:46:55.648822
008.80,002.67,-003.40,,Bsef20m500,2024-03-20 21:46:55.657900
008.80,002.66,-003.40,,Bsef20m500,2024-03-20 21:46:55.664988
008.81,002.64,-003.40,,Bsef20m500,2024-03-20 21:46:55.678091
008.81,002.63,-003.40,,Bsef20m500,2024-03-20 21:46:55.692032
008.82,002.63,-003.39,,Bsef20m500,2024-03-20 21:46:55.700313
008.82,002.62,-003.39,,Bsef20m500,2024-03-20 21:46:55.709600
008.83,002.61,-003.39,,Bsef20m500,2024-03-20 21:46:55.717091
008.83,002.60,-003.39,,Bsef20m500,2024-03-20 21:46:55.723428
008.83,002.60,-003.39,,Bsef20m500,2024-03-20 21:46:55.727429
008.83,002.59,-003.39,,Bsef20m500,2024-03-20 21:46:55.731430
008.83,002.58,-003.39,,Bsef20m500,2024-03-20 21:46:55.741431
008.83,002.58,-003.39,,Bsef20m500,2024-03-20 21:46:55.746428
008.83,002.57,-003.39,,Bsef20m500,2024-03-20 21:46:55.753561
008.83,002.57,-003.40,,Bsef20m500,2024-03-20 21:46:55.757559
008.83,002.57,-003.40,,Bsef20m500,2024-03-20 21:46:55.762560
008.83,002.56,-003.40,,Bsef20m500,2024-03-20 21:46:55.769837
008.83,002.56,-003.41,,Bsef20m500,2024-03-20 21:46:55.774240
008.83,002.56,-003.41,,Bsef20m500,2024-03-20 21:46:55.778304
008.83,002.56,-003.41,,Bsef20m500,2024-03-20 21:46:55.783394
008.83,002.55,-003.41,,Bsef20m500,2024-03-20 21:46:55.789902
008.83,002.55,-003.42,,Bsef20m500,2024-03-20 21:46:55.793900
008.83,002.55,-003.42,,Bsef20m500,2024-03-20 21:46:55.798904
008.83,002.55,-003.42,,Bsef20m500,2024-03-20 21:46:55.804994
008.83,002.55,-003.42,,Bsef20m500,2024-03-20 21:46:55.807901
008.82,002.55,-003.44,,Bsef20m500,2024-03-20 21:46:55.821103
008.82,002.56,-003.44,,Bsef20m500,2024-03-20 21:46:55.826117
008.82,002.56,-003.45,,Bsef20m500,2024-03-20 21:46:55.831516
008.82,002.56,-003.45,,Bsef20m500,2024-03-20 21:46:55.836896
008.81,002.56,-003.45,,Bsef20m500,2024-03-20 21:46:55.842890
008.81,002.56,-003.46,,Bsef20m500,2024-03-20 21:46:55.847888
008.81,002.56,-003.46,,Bsef20m500,2024-03-20 21:46:55.856507
008.81,002.56,-003.46,,Bsef20m500,2024-03-20 21:46:55.861508
008.81,002.56,-003.46,,Bsef20m500,2024-03-20 21:46:55.869468
008.81,002.57,-003.46,,Bsef20m500,2024-03-20 21:46:55.874050
008.81,002.57,-003.46,,Bsef20m500,2024-03-20 21:46:55.878049
008.81,002.57,-003.46,,Bsef20m500,2024-03-20 21:46:55.884052
008.81,002.57,-003.46,,Bsef20m500,2024-03-20 21:46:55.888053
008.81,002.57,-003.46,,Bsef20m500,2024-03-20 21:46:55.894373
008.81,002.57,-003.46,,Bsef20m500,2024-03-20 21:46:55.904849
008.81,002.57,-003.46,,Bsef20m500,2024-03-20 21:46:55.910849
008.81,002.57,-003.46,,Bsef20m500,2024-03-20 21:46:55.915038
008.81,002.58,-003.45,,Bsef20m500,2024-03-20 21:46:55.921265
008.81,002.58,-003.45,,Bsef20m500,2024-03-20 21:46:55.927264
008.81,002.58,-003.45,,Bsef20m500,2024-03-20 21:46:55.935252
008.81,002.58,-003.45,,Bsef20m500,2024-03-20 21:46:55.942254
008.81,002.58,-003.45,,Bsef20m500,2024-03-20 21:46:55.947253
008.81,002.58,-003.44,,Bsef20m500,2024-03-20 21:46:55.954826
008.81,002.59,-003.44,,Bsef20m500,2024-03-20 21:46:55.960824
008.81,002.59,-003.44,,Bsef20m500,2024-03-20 21:46:55.968991
008.81,002.59,-003.44,,Bsef20m500,2024-03-20 21:46:55.973436
008.81,002.59,-003.44,,Bsef20m500,2024-03-20 21:46:55.977904
008.81,002.60,-003.44,,Bsef20m500,2024-03-20 21:46:55.989120
008.81,002.60,-003.44,,Bsef20m500,2024-03-20 21:46:55.993214
008.81,002.60,-003.44,,Bsef20m500,2024-03-20 21:46:56.000225
008.81,002.61,-003.44,,Bsef20m500,2024-03-20 21:46:56.006407
008.81,002.61,-003.44,,Bsef20m500,2024-03-20 21:46:56.010907
008.80,002.61,-003.44,,Bsef20m500,2024-03-20 21:46:56.015981
008.80,002.61,-003.44,,Bsef20m500,2024-03-20 21:46:56.021993
008.80,002.61,-003.45,,Bsef20m500,2024-03-20 21:46:56.026049
008.80,002.61,-003.45,,Bsef20m500,2024-03-20 21:46:56.030051
008.80,002.62,-003.45,,Bsef20m500,2024-03-20 21:46:56.038069
008.80,002.61,-003.46,,Bsef20m500,2024-03-20 21:46:56.042066
008.80,002.61,-003.46,,Bsef20m500,2024-03-20 21:46:56.046066
008.80,002.61,-003.46,,Bsef20m500,2024-03-20 21:46:56.053067
008.80,002.61,-003.46,,Bsef20m500,2024-03-20 21:46:56.059032
008.79,002.61,-003.46,,Bsef20m500,2024-03-20 21:46:56.063223
008.79,002.61,-003.47,,Bsef20m500,2024-03-20 21:46:56.069280
008.79,002.61,-003.47,,Bsef20m500,2024-03-20 21:46:56.074279
008.79,002.61,-003.47,,Bsef20m500,2024-03-20 21:46:56.079274
008.79,002.61,-003.47,,Bsef20m500,2024-03-20 21:46:56.086275
008.79,002.61,-003.47,,Bsef20m500,2024-03-20 21:46:56.090274
008.79,002.62,-003.47,,Bsef20m500,2024-03-20 21:46:56.094275
008.79,002.62,-003.48,,Bsef20m500,2024-03-20 21:46:56.103450
008.79,002.62,-003.48,,Bsef20m500,2024-03-20 21:46:56.109939
008.79,002.62,-003.48,,Bsef20m500,2024-03-20 21:46:56.114006
008.78,002.62,-003.48,,Bsef20m500,2024-03-20 21:46:56.119545
008.78,002.62,-003.48,,Bsef20m500,2024-03-20 21:46:56.124543
008.78,002.62,-003.49,,Bsef20m500,2024-03-20 21:46:56.129750
008.78,002.63,-003.49,,Bsef20m500,2024-03-20 21:46:56.137543
008.78,002.63,-003.49,,Bsef20m500,2024-03-20 21:46:56.141544
008.78,002.63,-003.49,,Bsef20m500,2024-03-20 21:46:56.148686
008.78,002.63,-003.50,,Bsef20m500,2024-03-20 21:46:56.156546
008.78,002.63,-003.50,,Bsef20m500,2024-03-20 21:46:56.162876
008.78,002.63,-003.50,,Bsef20m500,2024-03-20 21:46:56.169928
008.78,002.63,-003.50,,Bsef20m500,2024-03-20 21:46:56.174932
008.78,002.63,-003.50,,Bsef20m500,2024-03-20 21:46:56.182102
008.78,002.63,-003.50,,Bsef20m500,2024-03-20 21:46:56.187572
008.77,002.62,-003.51,,Bsef20m500,2024-03-20 21:46:56.191571
008.77,002.62,-003.51,,Bsef20m500,2024-03-20 21:46:56.196572
008.77,002.62,-003.51,,Bsef20m500,2024-03-20 21:46:56.202572
008.77,002.62,-003.51,,Bsef20m500,2024-03-20 21:46:56.206572
008.77,002.62,-003.51,,Bsef20m500,2024-03-20 21:46:56.210764
008.77,002.63,-003.51,,Bsef20m500,2024-03-20 21:46:56.215576
008.77,002.63,-003.51,,Bsef20m500,2024-03-20 21:46:56.220880
008.77,002.63,-003.51,,Bsef20m500,2024-03-20 21:46:56.225400
008.77,002.63,-003.51,,Bsef20m500,2024-03-20 21:46:56.228879
008.77,002.63,-003.51,,Bsef20m500,2024-03-20 21:46:56.235798
008.77,002.63,-003.51,,Bsef20m500,2024-03-20 21:46:56.239796
008.77,002.63,-003.52,,Bsef20m500,2024-03-20 21:46:56.245795
008.77,002.63,-003.52,,Bsef20m500,2024-03-20 21:46:56.251368
008.77,002.63,-003.52,,Bsef20m500,2024-03-20 21:46:56.256370
008.77,002.63,-003.52,,Bsef20m500,2024-03-20 21:46:56.262324
008.77,002.62,-003.52,,Bsef20m500,2024-03-20 21:46:56.268915
008.77,002.62,-003.52,,Bsef20m500,2024-03-20 21:46:56.274251
008.77,002.62,-003.52,,Bsef20m500,2024-03-20 21:46:56.280248
008.77,002.62,-003.52,,Bsef20m500,2024-03-20 21:46:56.287252
008.77,002.61,-003.52,,Bsef20m500,2024-03-20 21:46:56.293318
008.77,002.61,-003.52,,Bsef20m500,2024-03-20 21:46:56.299321
008.77,002.61,-003.52,,Bsef20m500,2024-03-20 21:46:56.305315
008.77,002.61,-003.52,,Bsef20m500,2024-03-20 21:46:56.309317
008.78,002.60,-003.52,,Bsef20m500,2024-03-20 21:46:56.313316
008.78,002.60,-003.52,,Bsef20m500,2024-03-20 21:46:56.319788
008.78,002.60,-003.51,,Bsef20m500,2024-03-20 21:46:56.324260
008.78,002.60,-003.51,,Bsef20m500,2024-03-20 21:46:56.328525
008.78,002.60,-003.51,,Bsef20m500,2024-03-20 21:46:56.331496
008.78,002.60,-003.50,,Bsef20m500,2024-03-20 21:46:56.337787
008.79,002.60,-003.50,,Bsef20m500,2024-03-20 21:46:56.341789
008.79,002.60,-003.50,,Bsef20m500,2024-03-20 21:46:56.346787
008.79,002.60,-003.49,,Bsef20m500,2024-03-20 21:46:56.353982
008.79,002.60,-003.49,,Bsef20m500,2024-03-20 21:46:56.357981
008.79,002.59,-003.49,,Bsef20m500,2024-03-20 21:46:56.368296
008.79,002.59,-003.49,,Bsef20m500,2024-03-20 21:46:56.372077
008.79,002.60,-003.48,,Bsef20m500,2024-03-20 21:46:56.376077
008.79,002.60,-003.48,,Bsef20m500,2024-03-20 21:46:56.380075
008.79,002.60,-003.48,,Bsef20m500,2024-03-20 21:46:56.387137
008.79,002.60,-003.48,,Bsef20m500,2024-03-20 21:46:56.392137
008.79,002.60,-003.48,,Bsef20m500,2024-03-20 21:46:56.399143
008.79,002.60,-003.47,,Bsef20m500,2024-03-20 21:46:56.406137
008.79,002.60,-003.47,,Bsef20m500,2024-03-20 21:46:56.411136
008.80,002.60,-003.47,,Bsef20m500,2024-03-20 21:46:56.417144
008.80,002.60,-003.47,,Bsef20m500,2024-03-20 21:46:56.422135
008.80,002.60,-003.47,,Bsef20m500,2024-03-20 21:46:56.427946
008.80,002.61,-003.47,,Bsef20m500,2024-03-20 21:46:56.433231
008.80,002.61,-003.46,,Bsef20m500,2024-03-20 21:46:56.438220
008.80,002.61,-003.46,,Bsef20m500,2024-03-20 21:46:56.442211
008.80,002.61,-003.46,,Bsef20m500,2024-03-20 21:46:56.447213
008.80,002.61,-003.45,,Bsef20m500,2024-03-20 21:46:56.453216
008.80,002.61,-003.45,,Bsef20m500,2024-03-20 21:46:56.457214
008.80,002.61,-003.44,,Bsef20m500,2024-03-20 21:46:56.459213
008.80,002.62,-003.44,,Bsef20m500,2024-03-20 21:46:56.464215
008.81,002.62,-003.43,,Bsef20m500,2024-03-20 21:46:56.470019
008.81,002.62,-003.43,,Bsef20m500,2024-03-20 21:46:56.474020
008.81,002.62,-003.42,,Bsef20m500,2024-03-20 21:46:56.478524
008.81,002.63,-003.42,,Bsef20m500,2024-03-20 21:46:56.484024
008.81,002.63,-003.42,,Bsef20m500,2024-03-20 21:46:56.488021
008.81,002.63,-003.42,,Bsef20m500,2024-03-20 21:46:56.492421
008.81,002.63,-003.41,,Bsef20m500,2024-03-20 21:46:56.496019
008.81,002.64,-003.41,,Bsef20m500,2024-03-20 21:46:56.503669
008.81,002.64,-003.41,,Bsef20m500,2024-03-20 21:46:56.508669
008.81,002.64,-003.41,,Bsef20m500,2024-03-20 21:46:56.514671
008.81,002.64,-003.41,,Bsef20m500,2024-03-20 21:46:56.519669
008.81,002.64,-003.41,,Bsef20m500,2024-03-20 21:46:56.524840
008.81,002.65,-003.40,,Bsef20m500,2024-03-20 21:46:56.531840
008.81,002.65,-003.40,,Bsef20m500,2024-03-20 21:46:56.537881
008.81,002.65,-003.40,,Bsef20m500,2024-03-20 21:46:56.541886
008.81,002.65,-003.40,,Bsef20m500,2024-03-20 21:46:56.545882
008.81,002.65,-003.40,,Bsef20m500,2024-03-20 21:46:56.552882
008.81,002.65,-003.40,,Bsef20m500,2024-03-20 21:46:56.555883
008.81,002.65,-003.40,,Bsef20m500,2024-03-20 21:46:56.562082
008.81,002.65,-003.40,,Bsef20m500,2024-03-20 21:46:56.567975
008.81,002.65,-003.39,,Bsef20m500,2024-03-20 21:46:56.572970
008.81,002.65,-003.39,,Bsef20m500,2024-03-20 21:46:56.578099
008.81,002.65,-003.39,,Bsef20m500,2024-03-20 21:46:56.586397
008.81,002.65,-003.39,,Bsef20m500,2024-03-20 21:46:56.590524
008.82,002.65,-003.38,,Bsef20m500,2024-03-20 21:46:56.594538
008.82,002.65,-003.38,,Bsef20m500,2024-03-20 21:46:56.601866
008.82,002.65,-003.38,,Bsef20m500,2024-03-20 21:46:56.607848
008.82,002.64,-003.37,,Bsef20m500,2024-03-20 21:46:56.613844
008.82,002.64,-003.37,,Bsef20m500,2024-03-20 21:46:56.620596
008.82,002.64,-003.37,,Bsef20m500,2024-03-20 21:46:56.626595
008.82,002.64,-003.37,,Bsef20m500,2024-03-20 21:46:56.634509
008.82,002.64,-003.37,,Bsef20m500,2024-03-20 21:46:56.638501
008.82,002.64,-003.37,,Bsef20m500,2024-03-20 21:46:56.642502
008.82,002.64,-003.37,,Bsef20m500,2024-03-20 21:46:56.646504
008.82,002.64,-003.37,,Bsef20m500,2024-03-20 21:46:56.652502
008.82,002.64,-003.37,,Bsef20m500,2024-03-20 21:46:56.657501
008.82,002.64,-003.37,,Bsef20m500,2024-03-20 21:46:56.661503
008.82,002.64,-003.38,,Bsef20m500,2024-03-20 21:46:56.666888
008.82,002.63,-003.38,,Bsef20m500,2024-03-20 21:46:56.671882
008.82,002.63,-003.38,,Bsef20m500,2024-03-20 21:46:56.676415
008.82,002.63,-003.38,,Bsef20m500,2024-03-20 21:46:56.680884
008.82,002.62,-003.38,,Bsef20m500,2024-03-20 21:46:56.686958
008.82,002.62,-003.38,,Bsef20m500,2024-03-20 21:46:56.690961
008.83,002.62,-003.38,,Bsef20m500,2024-03-20 21:46:56.694959
008.83,002.61,-003.38,,Bsef20m500,2024-03-20 21:46:56.701961
008.83,002.61,-003.38,,Bsef20m500,2024-03-20 21:46:56.705958
008.83,002.61,-003.38,,Bsef20m500,2024-03-20 21:46:56.711960
008.83,002.61,-003.39,,Bsef20m500,2024-03-20 21:46:56.720053
008.83,002.61,-003.39,,Bsef20m500,2024-03-20 21:46:56.726122
008.82,002.61,-003.39,,Bsef20m500,2024-03-20 21:46:56.733259
008.82,002.60,-003.39,,Bsef20m500,2024-03-20 21:46:56.739233
008.82,002.60,-003.40,,Bsef20m500,2024-03-20 21:46:56.746264
008.82,002.60,-003.40,,Bsef20m500,2024-03-20 21:46:56.755926
008.82,002.60,-003.40,,Bsef20m500,2024-03-20 21:46:56.762185
008.82,002.60,-003.40,,Bsef20m500,2024-03-20 21:46:56.769589
008.83,002.59,-003.40,,Bsef20m500,2024-03-20 21:46:56.774589
008.83,002.59,-003.40,,Bsef20m500,2024-03-20 21:46:56.779588
008.83,002.59,-003.40,,Bsef20m500,2024-03-20 21:46:56.786873
008.83,002.59,-003.40,,Bsef20m500,2024-03-20 21:46:56.791875
008.83,002.59,-003.40,,Bsef20m500,2024-03-20 21:46:56.795875
008.83,002.59,-003.40,,Bsef20m500,2024-03-20 21:46:56.803135
008.83,002.59,-003.40,,Bsef20m500,2024-03-20 21:46:56.808135
008.82,002.59,-003.40,,Bsef20m500,2024-03-20 21:46:56.812132
008.83,002.59,-003.40,,Bsef20m500,2024-03-20 21:46:56.820132
008.83,002.59,-003.40,,Bsef20m500,2024-03-20 21:46:56.825134
008.83,002.59,-003.40,,Bsef20m500,2024-03-20 21:46:56.829761
008.83,002.59,-003.40,,Bsef20m500,2024-03-20 21:46:56.837455
008.83,002.59,-003.40,,Bsef20m500,2024-03-20 21:46:56.842677
008.83,002.58,-003.40,,Bsef20m500,2024-03-20 21:46:56.855178
008.83,002.58,-003.40,,Bsef20m500,2024-03-20 21:46:56.861184
008.83,002.58,-003.40,,Bsef20m500,2024-03-20 21:46:56.869183
008.83,002.58,-003.40,,Bsef20m500,2024-03-20 21:46:56.874060
008.83,002.58,-003.40,,Bsef20m500,2024-03-20 21:46:56.884070
008.83,002.58,-003.40,,Bsef20m500,2024-03-20 21:46:56.890848
008.83,002.59,-003.40,,Bsef20m500,2024-03-20 21:46:56.896714
008.83,002.59,-003.40,,Bsef20m500,2024-03-20 21:46:56.904293
008.83,002.59,-003.40,,Bsef20m500,2024-03-20 21:46:56.909294
008.83,002.59,-003.40,,Bsef20m500,2024-03-20 21:46:56.915295
008.83,002.59,-003.40,,Bsef20m500,2024-03-20 21:46:56.922931
008.83,002.59,-003.40,,Bsef20m500,2024-03-20 21:46:56.927430
008.83,002.59,-003.40,,Bsef20m500,2024-03-20 21:46:56.935560
008.83,002.59,-003.40,,Bsef20m500,2024-03-20 21:46:56.939560
008.82,002.59,-003.40,,Bsef20m500,2024-03-20 21:46:56.943818
008.82,002.59,-003.40,,Bsef20m500,2024-03-20 21:46:56.948561
008.82,002.60,-003.40,,Bsef20m500,2024-03-20 21:46:56.954564
008.82,002.60,-003.40,,Bsef20m500,2024-03-20 21:46:56.959561
008.82,002.60,-003.41,,Bsef20m500,2024-03-20 21:46:56.964561
008.82,002.59,-003.41,,Bsef20m500,2024-03-20 21:46:56.970755
008.82,002.59,-003.41,,Bsef20m500,2024-03-20 21:46:56.975757
008.82,002.59,-003.41,,Bsef20m500,2024-03-20 21:46:56.980758
008.82,002.59,-003.41,,Bsef20m500,2024-03-20 21:46:56.986865
008.82,002.59,-003.41,,Bsef20m500,2024-03-20 21:46:56.990865
008.82,002.59,-003.41,,Bsef20m500,2024-03-20 21:46:56.995267
008.82,002.59,-003.41,,Bsef20m500,2024-03-20 21:46:57.000880
008.82,002.59,-003.41,,Bsef20m500,2024-03-20 21:46:57.004865
008.82,002.59,-003.41,,Bsef20m500,2024-03-20 21:46:57.009868
008.82,002.59,-003.41,,Bsef20m500,2024-03-20 21:46:57.014030
008.82,002.59,-003.41,,Bsef20m500,2024-03-20 21:46:57.020371
008.82,002.59,-003.41,,Bsef20m500,2024-03-20 21:46:57.026868
008.82,002.59,-003.40,,Bsef20m500,2024-03-20 21:46:57.031868
008.82,002.59,-003.40,,Bsef20m500,2024-03-20 21:46:57.037012
008.82,002.59,-003.40,,Bsef20m500,2024-03-20 21:46:57.041014
008.82,002.59,-003.40,,Bsef20m500,2024-03-20 21:46:57.045011
008.82,002.59,-003.40,,Bsef20m500,2024-03-20 21:46:57.052165
008.82,002.59,-003.40,,Bsef20m500,2024-03-20 21:46:57.057163
008.82,002.59,-003.40,,Bsef20m500,2024-03-20 21:46:57.061470
008.82,002.59,-003.40,,Bsef20m500,2024-03-20 21:46:57.067405
008.82,002.59,-003.40,,Bsef20m500,2024-03-20 21:46:57.073124
008.82,002.59,-003.40,,Bsef20m500,2024-03-20 21:46:57.079119
008.82,002.59,-003.40,,Bsef20m500,2024-03-20 21:46:57.086119
008.83,002.59,-003.40,,Bsef20m500,2024-03-20 21:46:57.090119
008.83,002.59,-003.40,,Bsef20m500,2024-03-20 21:46:57.096145
008.83,002.59,-003.40,,Bsef20m500,2024-03-20 21:46:57.103145
008.83,002.59,-003.40,,Bsef20m500,2024-03-20 21:46:57.107144
008.83,002.59,-003.40,,Bsef20m500,2024-03-20 21:46:57.113347
008.83,002.58,-003.40,,Bsef20m500,2024-03-20 21:46:57.119413
008.83,002.58,-003.41,,Bsef20m500,2024-03-20 21:46:57.123346
008.83,002.58,-003.41,,Bsef20m500,2024-03-20 21:46:57.127349
008.83,002.58,-003.41,,Bsef20m500,2024-03-20 21:46:57.133366
008.83,002.58,-003.41,,Bsef20m500,2024-03-20 21:46:57.138347
008.83,002.57,-003.41,,Bsef20m500,2024-03-20 21:46:57.142347
008.83,002.57,-003.41,,Bsef20m500,2024-03-20 21:46:57.145347
008.83,002.57,-003.41,,Bsef20m500,2024-03-20 21:46:57.150447
008.83,002.57,-003.41,,Bsef20m500,2024-03-20 21:46:57.154442
008.83,002.57,-003.41,,Bsef20m500,2024-03-20 21:46:57.158442
008.83,002.57,-003.41,,Bsef20m500,2024-03-20 21:46:57.163442
008.83,002.56,-003.41,,Bsef20m500,2024-03-20 21:46:57.170337
008.83,002.55,-003.42,,Bsef20m500,2024-03-20 21:46:57.175335
008.83,002.54,-003.42,,Bsef20m500,2024-03-20 21:46:57.179335
008.83,002.54,-003.42,,Bsef20m500,2024-03-20 21:46:57.186085
008.84,002.53,-003.42,,Bsef20m500,2024-03-20 21:46:57.190086
008.84,002.53,-003.41,,Bsef20m500,2024-03-20 21:46:57.194086
008.84,002.53,-003.41,,Bsef20m500,2024-03-20 21:46:57.199091
008.84,002.53,-003.41,,Bsef20m500,2024-03-20 21:46:57.205216
008.84,002.53,-003.41,,Bsef20m500,2024-03-20 21:46:57.209217
008.84,002.53,-003.41,,Bsef20m500,2024-03-20 21:46:57.218480
008.84,002.54,-003.40,,Bsef20m500,2024-03-20 21:46:57.224564
008.84,002.54,-003.40,,Bsef20m500,2024-03-20 21:46:57.232584
008.84,002.55,-003.40,,Bsef20m500,2024-03-20 21:46:57.238571
008.83,002.56,-003.40,,Bsef20m500,2024-03-20 21:46:57.241418
008.83,002.56,-003.41,,Bsef20m500,2024-03-20 21:46:57.244453
008.83,002.56,-003.41,,Bsef20m500,2024-03-20 21:46:57.252562
008.83,002.57,-003.41,,Bsef20m500,2024-03-20 21:46:57.256555
008.82,002.57,-003.42,,Bsef20m500,2024-03-20 21:46:57.262556
008.82,002.58,-003.42,,Bsef20m500,2024-03-20 21:46:57.266439
008.82,002.58,-003.43,,Bsef20m500,2024-03-20 21:46:57.270429
008.82,002.58,-003.43,,Bsef20m500,2024-03-20 21:46:57.274404
008.82,002.58,-003.43,,Bsef20m500,2024-03-20 21:46:57.279429
008.82,002.58,-003.44,,Bsef20m500,2024-03-20 21:46:57.287763
008.82,002.58,-003.44,,Bsef20m500,2024-03-20 21:46:57.292763
008.82,002.58,-003.44,,Bsef20m500,2024-03-20 21:46:57.298764
008.82,002.58,-003.44,,Bsef20m500,2024-03-20 21:46:57.305434
008.82,002.58,-003.44,,Bsef20m500,2024-03-20 21:46:57.310434
008.82,002.58,-003.44,,Bsef20m500,2024-03-20 21:46:57.316464
008.82,002.57,-003.44,,Bsef20m500,2024-03-20 21:46:57.322432
008.82,002.57,-003.44,,Bsef20m500,2024-03-20 21:46:57.326401
008.82,002.57,-003.44,,Bsef20m500,2024-03-20 21:46:57.331521
008.82,002.57,-003.44,,Bsef20m500,2024-03-20 21:46:57.338518
008.82,002.57,-003.45,,Bsef20m500,2024-03-20 21:46:57.342518
008.81,002.56,-003.45,,Bsef20m500,2024-03-20 21:46:57.348463
008.81,002.56,-003.45,,Bsef20m500,2024-03-20 21:46:57.355034
008.81,002.56,-003.45,,Bsef20m500,2024-03-20 21:46:57.360035
008.81,002.56,-003.45,,Bsef20m500,2024-03-20 21:46:57.364435
008.81,002.56,-003.45,,Bsef20m500,2024-03-20 21:46:57.370478
008.81,002.56,-003.46,,Bsef20m500,2024-03-20 21:46:57.375478
008.81,002.55,-003.46,,Bsef20m500,2024-03-20 21:46:57.380477
008.81,002.55,-003.46,,Bsef20m500,2024-03-20 21:46:57.387354
008.81,002.55,-003.46,,Bsef20m500,2024-03-20 21:46:57.391478
008.81,002.54,-003.47,,Bsef20m500,2024-03-20 21:46:57.395477
008.81,002.54,-003.47,,Bsef20m500,2024-03-20 21:46:57.403913
008.81,002.54,-003.47,,Bsef20m500,2024-03-20 21:46:57.408911
008.81,002.54,-003.47,,Bsef20m500,2024-03-20 21:46:57.416911
008.81,002.54,-003.47,,Bsef20m500,2024-03-20 21:46:57.421909
008.81,002.54,-003.48,,Bsef20m500,2024-03-20 21:46:57.425908
008.81,002.54,-003.48,,Bsef20m500,2024-03-20 21:46:57.431519
008.81,002.54,-003.48,,Bsef20m500,2024-03-20 21:46:57.437908
008.81,002.54,-003.48,,Bsef20m500,2024-03-20 21:46:57.442910
008.81,002.55,-003.49,,Bsef20m500,2024-03-20 21:46:57.449980
008.80,002.55,-003.49,,Bsef20m500,2024-03-20 21:46:57.455393
008.80,002.55,-003.49,,Bsef20m500,2024-03-20 21:46:57.459960
008.80,002.56,-003.50,,Bsef20m500,2024-03-20 21:46:57.463963
008.80,002.56,-003.50,,Bsef20m500,2024-03-20 21:46:57.470799
008.79,002.56,-003.50,,Bsef20m500,2024-03-20 21:46:57.475501
008.79,002.56,-003.51,,Bsef20m500,2024-03-20 21:46:57.479499
008.79,002.57,-003.51,,Bsef20m500,2024-03-20 21:46:57.486568
008.79,002.57,-003.51,,Bsef20m500,2024-03-20 21:46:57.490788
008.79,002.57,-003.51,,Bsef20m500,2024-03-20 21:46:57.495565
008.79,002.57,-003.51,,Bsef20m500,2024-03-20 21:46:57.501570
008.79,002.57,-003.52,,Bsef20m500,2024-03-20 21:46:57.507567
008.78,002.58,-003.52,,Bsef20m500,2024-03-20 21:46:57.513566
008.78,002.58,-003.52,,Bsef20m500,2024-03-20 21:46:57.521565
008.78,002.58,-003.52,,Bsef20m500,2024-03-20 21:46:57.528600
008.78,002.58,-003.52,,Bsef20m500,2024-03-20 21:46:57.624595
008.78,002.58,-003.52,,Bsef20m500,2024-03-20 21:46:57.628593
008.78,002.58,-003.52,,Bsef20m500,2024-03-20 21:46:57.665071
008.79,002.58,-003.51,,Bsef20m500,2024-03-20 21:46:57.670602
008.79,002.57,-003.51,,Bsef20m500,2024-03-20 21:46:57.675605
008.79,002.57,-003.51,,Bsef20m500,2024-03-20 21:46:57.680662
008.79,002.57,-003.51,,Bsef20m500,2024-03-20 21:46:57.686401
008.79,002.57,-003.51,,Bsef20m500,2024-03-20 21:46:57.691401
008.79,002.56,-003.51,,Bsef20m500,2024-03-20 21:46:57.695432
008.79,002.56,-003.51,,Bsef20m500,2024-03-20 21:46:57.703227
008.79,002.55,-003.51,,Bsef20m500,2024-03-20 21:46:57.707232
008.80,002.55,-003.51,,Bsef20m500,2024-03-20 21:46:57.712792
008.80,002.55,-003.51,,Bsef20m500,2024-03-20 21:46:57.719877
008.80,002.55,-003.51,,Bsef20m500,2024-03-20 21:46:57.723877
008.79,002.55,-003.51,,Bsef20m500,2024-03-20 21:46:57.730879
008.79,002.55,-003.52,,Bsef20m500,2024-03-20 21:46:57.737878
008.79,002.54,-003.53,,Bsef20m500,2024-03-20 21:46:57.742876
008.79,002.54,-003.53,,Bsef20m500,2024-03-20 21:46:57.746876
008.79,002.53,-003.52,,Bsef20m500,2024-03-20 21:46:57.753556
008.80,002.53,-003.52,,Bsef20m500,2024-03-20 21:46:57.759556
008.80,002.53,-003.52,,Bsef20m500,2024-03-20 21:46:57.763996
008.80,002.53,-003.52,,Bsef20m500,2024-03-20 21:46:57.772678
008.80,002.53,-003.52,,Bsef20m500,2024-03-20 21:46:57.776676
008.80,002.53,-003.52,,Bsef20m500,2024-03-20 21:46:57.782682
008.80,002.53,-003.52,,Bsef20m500,2024-03-20 21:46:57.788677
008.80,002.53,-003.52,,Bsef20m500,2024-03-20 21:46:57.794677
008.80,002.53,-003.52,,Bsef20m500,2024-03-20 21:46:57.800813
008.80,002.52,-003.51,,Bsef20m500,2024-03-20 21:46:57.805806
008.81,002.52,-003.50,,Bsef20m500,2024-03-20 21:46:57.809807
008.81,002.52,-003.49,,Bsef20m500,2024-03-20 21:46:57.813908
008.81,002.52,-003.49,,Bsef20m500,2024-03-20 21:46:57.820808
008.81,002.52,-003.49,,Bsef20m500,2024-03-20 21:46:57.824808
008.81,002.52,-003.48,,Bsef20m500,2024-03-20 21:46:57.830806
008.81,002.52,-003.48,,Bsef20m500,2024-03-20 21:46:57.837807
008.82,002.52,-003.48,,Bsef20m500,2024-03-20 21:46:57.851589
008.82,002.52,-003.48,,Bsef20m500,2024-03-20 21:46:57.869047
008.82,002.52,-003.47,,Bsef20m500,2024-03-20 21:46:57.877159
008.82,002.52,-003.46,,Bsef20m500,2024-03-20 21:46:57.878248
008.82,002.52,-003.46,,Bsef20m500,2024-03-20 21:46:57.887446
008.83,002.52,-003.45,,Bsef20m500,2024-03-20 21:46:57.891517
008.83,002.52,-003.45,,Bsef20m500,2024-03-20 21:46:57.896515
008.83,002.52,-003.45,,Bsef20m500,2024-03-20 21:46:57.901583
008.83,002.52,-003.45,,Bsef20m500,2024-03-20 21:46:57.905646
008.83,002.52,-003.45,,Bsef20m500,2024-03-20 21:46:57.910645
008.82,002.52,-003.46,,Bsef20m500,2024-03-20 21:46:57.915649
008.82,002.52,-003.46,,Bsef20m500,2024-03-20 21:46:57.921947
008.82,002.53,-003.46,,Bsef20m500,2024-03-20 21:46:57.925947
008.82,002.53,-003.46,,Bsef20m500,2024-03-20 21:46:57.930643
008.82,002.53,-003.47,,Bsef20m500,2024-03-20 21:46:57.938686
008.82,002.53,-003.47,,Bsef20m500,2024-03-20 21:46:57.943687
008.82,002.53,-003.47,,Bsef20m500,2024-03-20 21:46:57.951960
008.82,002.53,-003.47,,Bsef20m500,2024-03-20 21:46:57.959959
008.82,002.53,-003.47,,Bsef20m500,2024-03-20 21:46:57.965959
008.81,002.53,-003.47,,Bsef20m500,2024-03-20 21:46:57.973957
008.81,002.53,-003.47,,Bsef20m500,2024-03-20 21:46:57.979958
008.81,002.53,-003.47,,Bsef20m500,2024-03-20 21:46:57.987383
008.81,002.53,-003.47,,Bsef20m500,2024-03-20 21:46:57.993876
008.82,002.53,-003.47,,Bsef20m500,2024-03-20 21:46:58.000918
008.82,002.53,-003.47,,Bsef20m500,2024-03-20 21:46:58.006589
008.82,002.52,-003.47,,Bsef20m500,2024-03-20 21:46:58.011742
008.82,002.52,-003.47,,Bsef20m500,2024-03-20 21:46:58.019095
008.82,002.52,-003.47,,Bsef20m500,2024-03-20 21:46:58.024078
008.82,002.51,-003.47,,Bsef20m500,2024-03-20 21:46:58.028079
008.82,002.51,-003.47,,Bsef20m500,2024-03-20 21:46:58.033127
008.82,002.51,-003.47,,Bsef20m500,2024-03-20 21:46:58.040127
008.82,002.50,-003.47,,Bsef20m500,2024-03-20 21:46:58.045126
008.82,002.50,-003.48,,Bsef20m500,2024-03-20 21:46:58.051165
008.82,002.50,-003.48,,Bsef20m500,2024-03-20 21:46:58.057162
008.82,002.50,-003.48,,Bsef20m500,2024-03-20 21:46:58.062239
008.82,002.50,-003.48,,Bsef20m500,2024-03-20 21:46:58.070321
008.82,002.49,-003.48,,Bsef20m500,2024-03-20 21:46:58.075318
008.82,002.49,-003.49,,Bsef20m500,2024-03-20 21:46:58.081389
008.82,002.49,-003.49,,Bsef20m500,2024-03-20 21:46:58.089508
008.82,002.49,-003.49,,Bsef20m500,2024-03-20 21:46:58.095819
008.82,002.49,-003.49,,Bsef20m500,2024-03-20 21:46:58.102514
008.82,002.49,-003.49,,Bsef20m500,2024-03-20 21:46:58.109601
008.82,002.50,-003.49,,Bsef20m500,2024-03-20 21:46:58.115551
008.82,002.50,-003.49,,Bsef20m500,2024-03-20 21:46:58.122933
008.81,002.50,-003.49,,Bsef20m500,2024-03-20 21:46:58.127932
008.81,002.51,-003.50,,Bsef20m500,2024-03-20 21:46:58.136449
008.81,002.51,-003.50,,Bsef20m500,2024-03-20 21:46:58.137444
008.81,002.52,-003.50,,Bsef20m500,2024-03-20 21:46:58.142442
008.81,002.52,-003.49,,Bsef20m500,2024-03-20 21:46:58.146442
008.81,002.52,-003.49,,Bsef20m500,2024-03-20 21:46:58.152454
008.81,002.53,-003.49,,Bsef20m500,2024-03-20 21:46:58.156445
008.81,002.53,-003.49,,Bsef20m500,2024-03-20 21:46:58.161447
008.81,002.54,-003.48,,Bsef20m500,2024-03-20 21:46:58.165447
008.81,002.55,-003.48,,Bsef20m500,2024-03-20 21:46:58.175178
008.81,002.55,-003.47,,Bsef20m500,2024-03-20 21:46:58.182216
008.81,002.56,-003.46,,Bsef20m500,2024-03-20 21:46:58.191215
008.81,002.57,-003.46,,Bsef20m500,2024-03-20 21:46:58.197417
008.81,002.57,-003.45,,Bsef20m500,2024-03-20 21:46:58.203385
008.81,002.58,-003.45,,Bsef20m500,2024-03-20 21:46:58.208461
008.81,002.58,-003.44,,Bsef20m500,2024-03-20 21:46:58.212462
008.81,002.59,-003.43,,Bsef20m500,2024-03-20 21:46:58.218463
008.81,002.60,-003.43,,Bsef20m500,2024-03-20 21:46:58.223462
008.82,002.60,-003.42,,Bsef20m500,2024-03-20 21:46:58.230699
008.82,002.61,-003.41,,Bsef20m500,2024-03-20 21:46:58.235700
008.82,002.62,-003.40,,Bsef20m500,2024-03-20 21:46:58.240703
008.82,002.62,-003.39,,Bsef20m500,2024-03-20 21:46:58.242852
008.83,002.62,-003.38,,Bsef20m500,2024-03-20 21:46:58.248700
008.83,002.62,-003.36,,Bsef20m500,2024-03-20 21:46:58.254700
008.84,002.61,-003.35,,Bsef20m500,2024-03-20 21:46:58.259700
008.84,002.61,-003.34,,Bsef20m500,2024-03-20 21:46:58.263699
008.85,002.61,-003.33,,Bsef20m500,2024-03-20 21:46:58.267160
008.85,002.62,-003.32,,Bsef20m500,2024-03-20 21:46:58.272243
008.85,002.62,-003.31,,Bsef20m500,2024-03-20 21:46:58.277241
008.86,002.63,-003.29,,Bsef20m500,2024-03-20 21:46:58.281297
008.86,002.63,-003.28,,Bsef20m500,2024-03-20 21:46:58.287294
008.86,002.63,-003.26,,Bsef20m500,2024-03-20 21:46:58.292293
008.87,002.63,-003.25,,Bsef20m500,2024-03-20 21:46:58.296328
008.88,002.64,-003.23,,Bsef20m500,2024-03-20 21:46:58.302387
008.88,002.64,-003.21,,Bsef20m500,2024-03-20 21:46:58.306382
008.88,002.65,-003.20,,Bsef20m500,2024-03-20 21:46:58.311382
008.89,002.65,-003.18,,Bsef20m500,2024-03-20 21:46:58.315442
008.89,002.66,-003.16,,Bsef20m500,2024-03-20 21:46:58.321439
008.90,002.67,-003.15,,Bsef20m500,2024-03-20 21:46:58.326438
008.90,002.67,-003.13,,Bsef20m500,2024-03-20 21:46:58.331439
008.90,002.68,-003.12,,Bsef20m500,2024-03-20 21:46:58.336726
008.91,002.68,-003.10,,Bsef20m500,2024-03-20 21:46:58.342467
008.91,002.69,-003.08,,Bsef20m500,2024-03-20 21:46:58.347284
008.91,002.70,-003.07,,Bsef20m500,2024-03-20 21:46:58.353284
008.92,002.70,-003.06,,Bsef20m500,2024-03-20 21:46:58.357227
008.92,002.71,-003.04,,Bsef20m500,2024-03-20 21:46:58.365227
008.92,002.72,-003.03,,Bsef20m500,2024-03-20 21:46:58.370862
008.93,002.72,-003.01,,Bsef20m500,2024-03-20 21:46:58.375862
008.93,002.73,-003.00,,Bsef20m500,2024-03-20 21:46:58.379861
008.93,002.74,-002.99,,Bsef20m500,2024-03-20 21:46:58.385863
008.93,002.74,-002.98,,Bsef20m500,2024-03-20 21:46:58.390864
008.93,002.75,-002.97,,Bsef20m500,2024-03-20 21:46:58.397865
008.93,002.76,-002.96,,Bsef20m500,2024-03-20 21:46:58.402863
008.94,002.76,-002.95,,Bsef20m500,2024-03-20 21:46:58.411229
008.94,002.77,-002.94,,Bsef20m500,2024-03-20 21:46:58.415579
008.94,002.78,-002.93,,Bsef20m500,2024-03-20 21:46:58.420684
008.94,002.79,-002.91,,Bsef20m500,2024-03-20 21:46:58.425678
008.94,002.80,-002.90,,Bsef20m500,2024-03-20 21:46:58.430677
008.94,002.81,-002.89,,Bsef20m500,2024-03-20 21:46:58.437678
008.94,002.82,-002.88,,Bsef20m500,2024-03-20 21:46:58.442678
008.94,002.83,-002.86,,Bsef20m500,2024-03-20 21:46:58.447677
008.94,002.84,-002.85,,Bsef20m500,2024-03-20 21:46:58.454009
008.94,002.85,-002.84,,Bsef20m500,2024-03-20 21:46:58.457708
008.94,002.86,-002.83,,Bsef20m500,2024-03-20 21:46:58.461707
008.94,002.88,-002.81,,Bsef20m500,2024-03-20 21:46:58.468131
008.94,002.89,-002.80,,Bsef20m500,2024-03-20 21:46:58.473436
008.94,002.90,-002.80,,Bsef20m500,2024-03-20 21:46:58.477127
008.94,002.92,-002.79,,Bsef20m500,2024-03-20 21:46:58.482348
008.94,002.93,-002.78,,Bsef20m500,2024-03-20 21:46:58.487535
008.93,002.94,-002.77,,Bsef20m500,2024-03-20 21:46:58.491533
008.93,002.95,-002.77,,Bsef20m500,2024-03-20 21:46:58.495754
008.93,002.97,-002.76,,Bsef20m500,2024-03-20 21:46:58.501535
008.93,002.98,-002.75,,Bsef20m500,2024-03-20 21:46:58.506533
008.93,002.99,-002.74,,Bsef20m500,2024-03-20 21:46:58.513959
008.93,003.00,-002.74,,Bsef20m500,2024-03-20 21:46:58.519961
008.93,003.00,-002.73,,Bsef20m500,2024-03-20 21:46:58.527193
008.93,003.01,-002.73,,Bsef20m500,2024-03-20 21:46:58.531960
008.92,003.02,-002.72,,Bsef20m500,2024-03-20 21:46:58.537926
008.92,003.03,-002.71,,Bsef20m500,2024-03-20 21:46:58.542925
008.92,003.04,-002.71,,Bsef20m500,2024-03-20 21:46:58.546926
008.92,003.05,-002.70,,Bsef20m500,2024-03-20 21:46:58.552931
008.92,003.06,-002.70,,Bsef20m500,2024-03-20 21:46:58.556927
008.92,003.07,-002.69,,Bsef20m500,2024-03-20 21:46:58.561929
008.91,003.08,-002.68,,Bsef20m500,2024-03-20 21:46:58.567317
008.91,003.10,-002.68,,Bsef20m500,2024-03-20 21:46:58.572243
008.91,003.11,-002.67,,Bsef20m500,2024-03-20 21:46:58.576244
008.91,003.12,-002.66,,Bsef20m500,2024-03-20 21:46:58.581245
008.91,003.14,-002.65,,Bsef20m500,2024-03-20 21:46:58.587671
008.90,003.15,-002.64,,Bsef20m500,2024-03-20 21:46:58.592675
008.90,003.16,-002.63,,Bsef20m500,2024-03-20 21:46:58.596671
008.90,003.18,-002.63,,Bsef20m500,2024-03-20 21:46:58.602698
008.90,003.19,-002.62,,Bsef20m500,2024-03-20 21:46:58.607672
008.89,003.20,-002.61,,Bsef20m500,2024-03-20 21:46:58.612674
008.89,003.21,-002.61,,Bsef20m500,2024-03-20 21:46:58.618675
008.89,003.22,-002.60,,Bsef20m500,2024-03-20 21:46:58.621672
008.89,003.23,-002.60,,Bsef20m500,2024-03-20 21:46:58.626671
008.88,003.24,-002.59,,Bsef20m500,2024-03-20 21:46:58.631155
008.88,003.25,-002.59,,Bsef20m500,2024-03-20 21:46:58.637719
008.88,003.26,-002.58,,Bsef20m500,2024-03-20 21:46:58.641720
008.88,003.27,-002.58,,Bsef20m500,2024-03-20 21:46:58.645721
008.88,003.28,-002.57,,Bsef20m500,2024-03-20 21:46:58.651899
008.87,003.29,-002.57,,Bsef20m500,2024-03-20 21:46:58.656721
008.87,003.30,-002.57,,Bsef20m500,2024-03-20 21:46:58.660720
008.87,003.31,-002.56,,Bsef20m500,2024-03-20 21:46:58.665720
008.87,003.31,-002.56,,Bsef20m500,2024-03-20 21:46:58.672557
008.87,003.32,-002.55,,Bsef20m500,2024-03-20 21:46:58.678108
008.86,003.33,-002.55,,Bsef20m500,2024-03-20 21:46:58.681107
008.86,003.34,-002.55,,Bsef20m500,2024-03-20 21:46:58.687107
008.86,003.35,-002.54,,Bsef20m500,2024-03-20 21:46:58.691106
008.86,003.35,-002.54,,Bsef20m500,2024-03-20 21:46:58.695106
008.86,003.36,-002.53,,Bsef20m500,2024-03-20 21:46:58.701107
008.86,003.36,-002.53,,Bsef20m500,2024-03-20 21:46:58.706448
008.86,003.37,-002.52,,Bsef20m500,2024-03-20 21:46:58.710106
008.86,003.38,-002.52,,Bsef20m500,2024-03-20 21:46:58.715213
008.86,003.38,-002.52,,Bsef20m500,2024-03-20 21:46:58.721466
008.85,003.39,-002.51,,Bsef20m500,2024-03-20 21:46:58.726505
008.85,003.39,-002.51,,Bsef20m500,2024-03-20 21:46:58.730590
008.85,003.40,-002.51,,Bsef20m500,2024-03-20 21:46:58.736942
008.85,003.41,-002.50,,Bsef20m500,2024-03-20 21:46:58.740942
008.85,003.41,-002.50,,Bsef20m500,2024-03-20 21:46:58.745942
008.85,003.42,-002.50,,Bsef20m500,2024-03-20 21:46:58.751947
008.85,003.42,-002.49,,Bsef20m500,2024-03-20 21:46:58.756942
008.84,003.43,-002.49,,Bsef20m500,2024-03-20 21:46:58.760945
008.84,003.43,-002.49,,Bsef20m500,2024-03-20 21:46:58.765945
008.84,003.44,-002.49,,Bsef20m500,2024-03-20 21:46:58.771517
008.84,003.44,-002.49,,Bsef20m500,2024-03-20 21:46:58.776520
008.84,003.45,-002.48,,Bsef20m500,2024-03-20 21:46:58.778508
008.84,003.45,-002.48,,Bsef20m500,2024-03-20 21:46:58.784643
008.84,003.46,-002.48,,Bsef20m500,2024-03-20 21:46:58.790641
008.83,003.46,-002.48,,Bsef20m500,2024-03-20 21:46:58.795639
008.83,003.47,-002.48,,Bsef20m500,2024-03-20 21:46:58.800646
008.83,003.47,-002.47,,Bsef20m500,2024-03-20 21:46:58.805639
008.83,003.48,-002.47,,Bsef20m500,2024-03-20 21:46:58.811722
008.83,003.49,-002.46,,Bsef20m500,2024-03-20 21:46:58.817913
008.83,003.50,-002.46,,Bsef20m500,2024-03-20 21:46:58.823001
008.82,003.50,-002.46,,Bsef20m500,2024-03-20 21:46:58.827000
008.82,003.51,-002.46,,Bsef20m500,2024-03-20 21:46:58.831002
008.82,003.52,-002.45,,Bsef20m500,2024-03-20 21:46:58.838001
008.82,003.52,-002.45,,Bsef20m500,2024-03-20 21:46:58.842001
008.82,003.53,-002.45,,Bsef20m500,2024-03-20 21:46:58.846001
008.81,003.54,-002.45,,Bsef20m500,2024-03-20 21:46:58.852013
008.81,003.54,-002.44,,Bsef20m500,2024-03-20 21:46:58.855001
008.81,003.55,-002.44,,Bsef20m500,2024-03-20 21:46:58.860001
008.81,003.56,-002.44,,Bsef20m500,2024-03-20 21:46:58.864001
008.80,003.56,-002.44,,Bsef20m500,2024-03-20 21:46:58.870413
008.80,003.57,-002.44,,Bsef20m500,2024-03-20 21:46:58.875537
008.80,003.57,-002.44,,Bsef20m500,2024-03-20 21:46:58.879795
008.80,003.58,-002.44,,Bsef20m500,2024-03-20 21:46:58.886537
008.80,003.59,-002.44,,Bsef20m500,2024-03-20 21:46:58.892537
008.79,003.59,-002.44,,Bsef20m500,2024-03-20 21:46:58.896535
008.79,003.59,-002.44,,Bsef20m500,2024-03-20 21:46:58.902643
008.79,003.60,-002.44,,Bsef20m500,2024-03-20 21:46:58.906670
008.79,003.60,-002.44,,Bsef20m500,2024-03-20 21:46:58.914026
008.79,003.60,-002.44,,Bsef20m500,2024-03-20 21:46:58.920102
008.79,003.61,-002.44,,Bsef20m500,2024-03-20 21:46:58.927116
008.78,003.61,-002.44,,Bsef20m500,2024-03-20 21:46:58.930105
008.78,003.62,-002.44,,Bsef20m500,2024-03-20 21:46:58.936113
008.78,003.62,-002.44,,Bsef20m500,2024-03-20 21:46:58.941102
008.78,003.63,-002.44,,Bsef20m500,2024-03-20 21:46:58.945102
008.78,003.63,-002.44,,Bsef20m500,2024-03-20 21:46:58.981578
008.77,003.63,-002.44,,Bsef20m500,2024-03-20 21:46:58.990580
008.77,003.64,-002.44,,Bsef20m500,2024-03-20 21:46:58.995577
008.77,003.64,-002.45,,Bsef20m500,2024-03-20 21:46:59.000814
008.77,003.64,-002.45,,Bsef20m500,2024-03-20 21:46:59.007580
008.77,003.64,-002.45,,Bsef20m500,2024-03-20 21:46:59.012577
008.77,003.65,-002.45,,Bsef20m500,2024-03-20 21:46:59.018593
008.77,003.65,-002.45,,Bsef20m500,2024-03-20 21:46:59.023620
008.77,003.65,-002.45,,Bsef20m500,2024-03-20 21:46:59.026621
008.77,003.65,-002.45,,Bsef20m500,2024-03-20 21:46:59.031620
008.77,003.65,-002.45,,Bsef20m500,2024-03-20 21:46:59.037619
008.76,003.66,-002.45,,Bsef20m500,2024-03-20 21:46:59.045199
008.76,003.66,-002.44,,Bsef20m500,2024-03-20 21:46:59.050202
008.76,003.67,-002.44,,Bsef20m500,2024-03-20 21:46:59.055197
008.76,003.67,-002.44,,Bsef20m500,2024-03-20 21:46:59.062299
008.76,003.67,-002.44,,Bsef20m500,2024-03-20 21:46:59.068336
008.76,003.68,-002.44,,Bsef20m500,2024-03-20 21:46:59.073332
008.76,003.68,-002.44,,Bsef20m500,2024-03-20 21:46:59.078333
008.75,003.69,-002.43,,Bsef20m500,2024-03-20 21:46:59.083369
008.75,003.69,-002.43,,Bsef20m500,2024-03-20 21:46:59.089490
008.75,003.70,-002.43,,Bsef20m500,2024-03-20 21:46:59.096492
008.75,003.71,-002.42,,Bsef20m500,2024-03-20 21:46:59.102491
008.75,003.71,-002.42,,Bsef20m500,2024-03-20 21:46:59.106490
008.75,003.72,-002.42,,Bsef20m500,2024-03-20 21:46:59.114494
008.74,003.72,-002.42,,Bsef20m500,2024-03-20 21:46:59.119773
008.74,003.73,-002.42,,Bsef20m500,2024-03-20 21:46:59.125769
008.74,003.74,-002.42,,Bsef20m500,2024-03-20 21:46:59.131894
008.74,003.74,-002.41,,Bsef20m500,2024-03-20 21:46:59.139818
008.74,003.75,-002.41,,Bsef20m500,2024-03-20 21:46:59.145393
008.74,003.75,-002.41,,Bsef20m500,2024-03-20 21:46:59.152398
008.74,003.75,-002.41,,Bsef20m500,2024-03-20 21:46:59.157653
008.74,003.75,-002.41,,Bsef20m500,2024-03-20 21:46:59.163655
008.74,003.74,-002.41,,Bsef20m500,2024-03-20 21:46:59.170656
008.73,003.75,-002.42,,Bsef20m500,2024-03-20 21:46:59.180153
008.73,003.76,-002.42,,Bsef20m500,2024-03-20 21:46:59.186713
008.73,003.76,-002.42,,Bsef20m500,2024-03-20 21:46:59.194838
008.72,003.77,-002.42,,Bsef20m500,2024-03-20 21:46:59.201825
008.72,003.77,-002.42,,Bsef20m500,2024-03-20 21:46:59.208821
008.72,003.77,-002.42,,Bsef20m500,2024-03-20 21:46:59.213823
008.72,003.77,-002.42,,Bsef20m500,2024-03-20 21:46:59.218908
008.72,003.77,-002.42,,Bsef20m500,2024-03-20 21:46:59.225074
008.72,003.77,-002.42,,Bsef20m500,2024-03-20 21:46:59.235039
008.72,003.78,-002.43,,Bsef20m500,2024-03-20 21:46:59.247898
008.72,003.78,-002.43,,Bsef20m500,2024-03-20 21:46:59.256285
008.72,003.78,-002.43,,Bsef20m500,2024-03-20 21:46:59.261334
008.71,003.78,-002.43,,Bsef20m500,2024-03-20 21:46:59.268472
008.71,003.78,-002.44,,Bsef20m500,2024-03-20 21:46:59.274417
008.71,003.79,-002.44,,Bsef20m500,2024-03-20 21:46:59.279417
008.71,003.79,-002.44,,Bsef20m500,2024-03-20 21:46:59.287507
008.71,003.79,-002.44,,Bsef20m500,2024-03-20 21:46:59.292422
008.71,003.79,-002.45,,Bsef20m500,2024-03-20 21:46:59.298494
008.71,003.78,-002.45,,Bsef20m500,2024-03-20 21:46:59.305982
008.71,003.78,-002.45,,Bsef20m500,2024-03-20 21:46:59.311984
008.71,003.78,-002.45,,Bsef20m500,2024-03-20 21:46:59.314988
008.71,003.78,-002.45,,Bsef20m500,2024-03-20 21:46:59.322985
008.71,003.78,-002.45,,Bsef20m500,2024-03-20 21:46:59.329982
008.71,003.77,-002.46,,Bsef20m500,2024-03-20 21:46:59.337229
008.71,003.77,-002.46,,Bsef20m500,2024-03-20 21:46:59.346083
008.71,003.77,-002.46,,Bsef20m500,2024-03-20 21:46:59.354685
008.71,003.77,-002.46,,Bsef20m500,2024-03-20 21:46:59.361784
008.71,003.76,-002.47,,Bsef20m500,2024-03-20 21:46:59.367773
008.71,003.76,-002.47,,Bsef20m500,2024-03-20 21:46:59.372765
008.71,003.76,-002.48,,Bsef20m500,2024-03-20 21:46:59.379363
008.71,003.75,-002.48,,Bsef20m500,2024-03-20 21:46:59.385808
008.71,003.75,-002.49,,Bsef20m500,2024-03-20 21:46:59.391895
008.71,003.74,-002.49,,Bsef20m500,2024-03-20 21:46:59.396896
008.71,003.74,-002.50,,Bsef20m500,2024-03-20 21:46:59.402911
008.72,003.73,-002.50,,Bsef20m500,2024-03-20 21:46:59.407162
008.72,003.73,-002.51,,Bsef20m500,2024-03-20 21:46:59.411383
008.72,003.72,-002.52,,Bsef20m500,2024-03-20 21:46:59.416900
008.72,003.72,-002.52,,Bsef20m500,2024-03-20 21:46:59.421894
008.72,003.71,-002.53,,Bsef20m500,2024-03-20 21:46:59.426870
008.72,003.71,-002.53,,Bsef20m500,2024-03-20 21:46:59.430892
008.72,003.70,-002.54,,Bsef20m500,2024-03-20 21:46:59.437003
008.72,003.70,-002.54,,Bsef20m500,2024-03-20 21:46:59.441356
008.72,003.70,-002.55,,Bsef20m500,2024-03-20 21:46:59.444002
008.72,003.69,-002.55,,Bsef20m500,2024-03-20 21:46:59.449002
008.72,003.69,-002.55,,Bsef20m500,2024-03-20 21:46:59.455003
008.72,003.68,-002.56,,Bsef20m500,2024-03-20 21:46:59.461003
008.72,003.68,-002.56,,Bsef20m500,2024-03-20 21:46:59.465003
008.72,003.67,-002.56,,Bsef20m500,2024-03-20 21:46:59.471003
008.73,003.67,-002.57,,Bsef20m500,2024-03-20 21:46:59.478006
008.73,003.66,-002.57,,Bsef20m500,2024-03-20 21:46:59.482004
008.73,003.66,-002.57,,Bsef20m500,2024-03-20 21:46:59.488003
008.73,003.65,-002.58,,Bsef20m500,2024-03-20 21:46:59.495200
008.73,003.64,-002.58,,Bsef20m500,2024-03-20 21:46:59.500061
008.73,003.64,-002.59,,Bsef20m500,2024-03-20 21:46:59.506058
008.73,003.63,-002.59,,Bsef20m500,2024-03-20 21:46:59.510058
008.74,003.62,-002.59,,Bsef20m500,2024-03-20 21:46:59.514058
008.74,003.62,-002.60,,Bsef20m500,2024-03-20 21:46:59.520230
008.74,003.61,-002.60,,Bsef20m500,2024-03-20 21:46:59.525228
008.74,003.60,-002.60,,Bsef20m500,2024-03-20 21:46:59.529231
008.74,003.60,-002.60,,Bsef20m500,2024-03-20 21:46:59.532229
008.75,003.59,-002.60,,Bsef20m500,2024-03-20 21:46:59.538230
008.75,003.59,-002.60,,Bsef20m500,2024-03-20 21:46:59.545393
008.75,003.59,-002.60,,Bsef20m500,2024-03-20 21:46:59.549392
008.75,003.58,-002.60,,Bsef20m500,2024-03-20 21:46:59.555391
008.75,003.58,-002.60,,Bsef20m500,2024-03-20 21:46:59.559391
008.75,003.58,-002.60,,Bsef20m500,2024-03-20 21:46:59.564391
008.76,003.57,-002.59,,Bsef20m500,2024-03-20 21:46:59.570393
008.76,003.57,-002.59,,Bsef20m500,2024-03-20 21:46:59.576392
008.76,003.56,-002.59,,Bsef20m500,2024-03-20 21:46:59.581391
008.76,003.56,-002.59,,Bsef20m500,2024-03-20 21:46:59.587440
008.76,003.56,-002.59,,Bsef20m500,2024-03-20 21:46:59.591474
008.77,003.55,-002.59,,Bsef20m500,2024-03-20 21:46:59.596477
008.77,003.55,-002.59,,Bsef20m500,2024-03-20 21:46:59.602538
008.77,003.55,-002.59,,Bsef20m500,2024-03-20 21:46:59.606536
008.77,003.55,-002.59,,Bsef20m500,2024-03-20 21:46:59.613940
008.77,003.54,-002.59,,Bsef20m500,2024-03-20 21:46:59.619604
008.77,003.54,-002.59,,Bsef20m500,2024-03-20 21:46:59.624603
008.77,003.54,-002.59,,Bsef20m500,2024-03-20 21:46:59.627456
008.77,003.54,-002.60,,Bsef20m500,2024-03-20 21:46:59.632604
008.77,003.53,-002.60,,Bsef20m500,2024-03-20 21:46:59.637596
008.77,003.53,-002.60,,Bsef20m500,2024-03-20 21:46:59.642502
008.77,003.53,-002.60,,Bsef20m500,2024-03-20 21:46:59.646501
008.77,003.52,-002.60,,Bsef20m500,2024-03-20 21:46:59.654051
008.77,003.52,-002.60,,Bsef20m500,2024-03-20 21:46:59.658615
008.78,003.52,-002.60,,Bsef20m500,2024-03-20 21:46:59.663947
008.78,003.52,-002.60,,Bsef20m500,2024-03-20 21:46:59.670317
008.78,003.52,-002.60,,Bsef20m500,2024-03-20 21:46:59.674316
008.78,003.52,-002.60,,Bsef20m500,2024-03-20 21:46:59.678315
008.78,003.52,-002.60,,Bsef20m500,2024-03-20 21:46:59.683789
008.78,003.52,-002.59,,Bsef20m500,2024-03-20 21:46:59.689447
008.78,003.52,-002.59,,Bsef20m500,2024-03-20 21:46:59.694502
008.78,003.52,-002.59,,Bsef20m500,2024-03-20 21:46:59.699504
008.78,003.52,-002.59,,Bsef20m500,2024-03-20 21:46:59.705502
008.78,003.52,-002.59,,Bsef20m500,2024-03-20 21:46:59.711508
008.78,003.52,-002.59,,Bsef20m500,2024-03-20 21:46:59.717897
008.78,003.52,-002.58,,Bsef20m500,2024-03-20 21:46:59.722502
008.78,003.52,-002.58,,Bsef20m500,2024-03-20 21:46:59.727501
008.78,003.52,-002.58,,Bsef20m500,2024-03-20 21:46:59.731505
008.78,003.52,-002.58,,Bsef20m500,2024-03-20 21:46:59.736503
008.78,003.52,-002.58,,Bsef20m500,2024-03-20 21:46:59.740505
008.78,003.52,-002.58,,Bsef20m500,2024-03-20 21:46:59.748035
008.78,003.52,-002.58,,Bsef20m500,2024-03-20 21:46:59.754032
008.78,003.52,-002.58,,Bsef20m500,2024-03-20 21:46:59.760148
008.78,003.52,-002.58,,Bsef20m500,2024-03-20 21:46:59.765489
008.78,003.52,-002.58,,Bsef20m500,2024-03-20 21:46:59.772330
008.78,003.52,-002.58,,Bsef20m500,2024-03-20 21:46:59.778327
008.78,003.53,-002.59,,Bsef20m500,2024-03-20 21:46:59.783329
008.78,003.53,-002.59,,Bsef20m500,2024-03-20 21:46:59.788333
008.78,003.53,-002.59,,Bsef20m500,2024-03-20 21:46:59.796647
008.78,003.53,-002.59,,Bsef20m500,2024-03-20 21:46:59.803646
008.78,003.53,-002.59,,Bsef20m500,2024-03-20 21:46:59.806646
008.77,003.53,-002.59,,Bsef20m500,2024-03-20 21:46:59.815151
008.77,003.53,-002.59,,Bsef20m500,2024-03-20 21:46:59.822201
008.77,003.53,-002.59,,Bsef20m500,2024-03-20 21:46:59.826201
008.77,003.54,-002.59,,Bsef20m500,2024-03-20 21:46:59.830610
008.77,003.54,-002.59,,Bsef20m500,2024-03-20 21:46:59.836228
008.77,003.54,-002.59,,Bsef20m500,2024-03-20 21:46:59.844122
008.77,003.54,-002.59,,Bsef20m500,2024-03-20 21:46:59.849272
008.77,003.54,-002.59,,Bsef20m500,2024-03-20 21:46:59.856271
008.77,003.54,-002.59,,Bsef20m500,2024-03-20 21:46:59.867551
008.77,003.54,-002.59,,Bsef20m500,2024-03-20 21:46:59.873672
008.77,003.54,-002.60,,Bsef20m500,2024-03-20 21:46:59.881264
008.77,003.55,-002.60,,Bsef20m500,2024-03-20 21:46:59.885279
008.76,003.54,-002.61,,Bsef20m500,2024-03-20 21:46:59.893534
008.76,003.55,-002.62,,Bsef20m500,2024-03-20 21:46:59.898827
008.76,003.55,-002.62,,Bsef20m500,2024-03-20 21:46:59.906721
008.76,003.55,-002.62,,Bsef20m500,2024-03-20 21:46:59.912807
008.76,003.55,-002.62,,Bsef20m500,2024-03-20 21:46:59.921584
008.76,003.55,-002.62,,Bsef20m500,2024-03-20 21:46:59.926586
008.76,003.55,-002.63,,Bsef20m500,2024-03-20 21:46:59.931770
008.75,003.55,-002.64,,Bsef20m500,2024-03-20 21:46:59.939876
008.75,003.56,-002.64,,Bsef20m500,2024-03-20 21:46:59.944875
008.74,003.57,-002.65,,Bsef20m500,2024-03-20 21:46:59.949875
008.74,003.57,-002.65,,Bsef20m500,2024-03-20 21:46:59.955946
008.74,003.57,-002.65,,Bsef20m500,2024-03-20 21:46:59.964123
008.74,003.57,-002.66,,Bsef20m500,2024-03-20 21:46:59.970123
008.74,003.57,-002.66,,Bsef20m500,2024-03-20 21:46:59.979169
008.74,003.57,-002.65,,Bsef20m500,2024-03-20 21:46:59.985178
008.74,003.58,-002.66,,Bsef20m500,2024-03-20 21:46:59.990169
008.73,003.58,-002.66,,Bsef20m500,2024-03-20 21:46:59.994226
008.73,003.59,-002.66,,Bsef20m500,2024-03-20 21:47:00.001229
008.72,003.60,-002.67,,Bsef20m500,2024-03-20 21:47:00.008227
008.72,003.61,-002.68,,Bsef20m500,2024-03-20 21:47:00.022225
008.71,003.62,-002.69,,Bsef20m500,2024-03-20 21:47:00.029530
008.70,003.63,-002.69,,Bsef20m500,2024-03-20 21:47:00.043577
008.70,003.64,-002.70,,Bsef20m500,2024-03-20 21:47:00.053631
008.69,003.65,-002.70,,Bsef20m500,2024-03-20 21:47:00.062359
008.69,003.66,-002.70,,Bsef20m500,2024-03-20 21:47:00.072081
008.69,003.66,-002.70,,Bsef20m500,2024-03-20 21:47:00.079031
008.69,003.66,-002.70,,Bsef20m500,2024-03-20 21:47:00.088977
008.69,003.66,-002.70,,Bsef20m500,2024-03-20 21:47:00.097380
008.69,003.66,-002.70,,Bsef20m500,2024-03-20 21:47:00.109348
008.69,003.66,-002.69,,Bsef20m500,2024-03-20 21:47:00.118418
008.69,003.65,-002.69,,Bsef20m500,2024-03-20 21:47:00.128426
008.70,003.65,-002.68,,Bsef20m500,2024-03-20 21:47:00.138480
008.70,003.64,-002.68,,Bsef20m500,2024-03-20 21:47:00.152292
008.71,003.63,-002.67,,Bsef20m500,2024-03-20 21:47:00.160946
008.72,003.62,-002.66,,Bsef20m500,2024-03-20 21:47:00.174209
008.72,003.61,-002.66,,Bsef20m500,2024-03-20 21:47:00.185634
008.72,003.61,-002.65,,Bsef20m500,2024-03-20 21:47:00.192678
008.73,003.61,-002.65,,Bsef20m500,2024-03-20 21:47:00.199736
008.73,003.61,-002.64,,Bsef20m500,2024-03-20 21:47:00.204122
008.73,003.60,-002.64,,Bsef20m500,2024-03-20 21:47:00.209122
008.73,003.60,-002.64,,Bsef20m500,2024-03-20 21:47:00.214123
008.73,003.61,-002.64,,Bsef20m500,2024-03-20 21:47:00.222565
008.73,003.61,-002.64,,Bsef20m500,2024-03-20 21:47:00.227873
008.73,003.61,-002.64,,Bsef20m500,2024-03-20 21:47:00.234880
008.73,003.61,-002.64,,Bsef20m500,2024-03-20 21:47:00.240874
008.73,003.61,-002.65,,Bsef20m500,2024-03-20 21:47:00.247284
008.73,003.61,-002.65,,Bsef20m500,2024-03-20 21:47:00.255709
008.73,003.61,-002.65,,Bsef20m500,2024-03-20 21:47:00.261708
008.73,003.61,-002.65,,Bsef20m500,2024-03-20 21:47:00.271472
008.73,003.61,-002.65,,Bsef20m500,2024-03-20 21:47:00.277557
008.73,003.61,-002.65,,Bsef20m500,2024-03-20 21:47:00.284248
008.73,003.60,-002.65,,Bsef20m500,2024-03-20 21:47:00.291050
008.73,003.60,-002.65,,Bsef20m500,2024-03-20 21:47:00.297053
008.73,003.60,-002.66,,Bsef20m500,2024-03-20 21:47:00.305141
008.73,003.60,-002.66,,Bsef20m500,2024-03-20 21:47:00.315144
008.73,003.60,-002.66,,Bsef20m500,2024-03-20 21:47:00.322141
008.73,003.59,-002.66,,Bsef20m500,2024-03-20 21:47:00.331142
008.73,003.59,-002.66,,Bsef20m500,2024-03-20 21:47:00.339903
008.73,003.59,-002.66,,Bsef20m500,2024-03-20 21:47:00.345904
008.73,003.58,-002.66,,Bsef20m500,2024-03-20 21:47:00.355479
008.73,003.58,-002.66,,Bsef20m500,2024-03-20 21:47:00.378960
008.74,003.58,-002.66,,Bsef20m500,2024-03-20 21:47:00.391102
008.74,003.57,-002.66,,Bsef20m500,2024-03-20 21:47:00.396099
008.74,003.57,-002.66,,Bsef20m500,2024-03-20 21:47:00.406099
008.74,003.56,-002.66,,Bsef20m500,2024-03-20 21:47:00.412389
008.74,003.56,-002.65,,Bsef20m500,2024-03-20 21:47:00.424467
008.74,003.56,-002.65,,Bsef20m500,2024-03-20 21:47:00.437639
008.75,003.55,-002.65,,Bsef20m500,2024-03-20 21:47:00.442690
008.75,003.55,-002.65,,Bsef20m500,2024-03-20 21:47:00.449232
008.75,003.55,-002.65,,Bsef20m500,2024-03-20 21:47:00.460565
008.75,003.55,-002.65,,Bsef20m500,2024-03-20 21:47:00.472972
008.75,003.54,-002.65,,Bsef20m500,2024-03-20 21:47:00.490378
008.76,003.54,-002.64,,Bsef20m500,2024-03-20 21:47:00.497321
008.76,003.53,-002.64,,Bsef20m500,2024-03-20 21:47:00.514971
008.76,003.53,-002.64,,Bsef20m500,2024-03-20 21:47:00.523071
008.76,003.53,-002.64,,Bsef20m500,2024-03-20 21:47:00.536405
008.76,003.53,-002.64,,Bsef20m500,2024-03-20 21:47:00.542572
008.76,003.53,-002.63,,Bsef20m500,2024-03-20 21:47:00.549876
008.76,003.53,-002.63,,Bsef20m500,2024-03-20 21:47:00.558121
008.76,003.53,-002.63,,Bsef20m500,2024-03-20 21:47:00.563121
008.76,003.54,-002.62,,Bsef20m500,2024-03-20 21:47:00.571270
008.76,003.54,-002.62,,Bsef20m500,2024-03-20 21:47:00.577270
008.76,003.55,-002.62,,Bsef20m500,2024-03-20 21:47:00.581269
008.76,003.55,-002.61,,Bsef20m500,2024-03-20 21:47:00.587488
008.76,003.56,-002.61,,Bsef20m500,2024-03-20 21:47:00.593273
008.76,003.57,-002.60,,Bsef20m500,2024-03-20 21:47:00.598307
008.76,003.57,-002.59,,Bsef20m500,2024-03-20 21:47:00.604306
008.75,003.58,-002.59,,Bsef20m500,2024-03-20 21:47:00.608306
008.75,003.59,-002.58,,Bsef20m500,2024-03-20 21:47:00.612540
008.75,003.59,-002.58,,Bsef20m500,2024-03-20 21:47:00.617584
008.75,003.60,-002.57,,Bsef20m500,2024-03-20 21:47:00.623306
008.75,003.61,-002.56,,Bsef20m500,2024-03-20 21:47:00.627306
008.75,003.62,-002.56,,Bsef20m500,2024-03-20 21:47:00.631307
008.75,003.62,-002.55,,Bsef20m500,2024-03-20 21:47:00.638306
008.75,003.63,-002.54,,Bsef20m500,2024-03-20 21:47:00.642308
008.75,003.64,-002.54,,Bsef20m500,2024-03-20 21:47:00.646306
