-000.02,-000.03,-000.13,,Bsef20m500,2024-03-20 21:46:51.277459
-000.03,-000.08,-000.17,,Bsef20m500,2024-03-20 21:46:51.294488
-000.03,-000.08,-000.15,,Bsef20m500,2024-03-20 21:46:51.298491
-000.03,-000.09,-000.14,,Bsef20m500,2024-03-20 21:46:51.303868
-000.04,-000.09,-000.11,,Bsef20m500,2024-03-20 21:46:51.307491
-000.05,-000.09,-000.08,,Bsef20m500,2024-03-20 21:46:51.311488
-000.05,-000.09,-000.06,,Bsef20m500,2024-03-20 21:46:51.316180
-000.06,-000.04,-000.03,,Bsef20m500,2024-03-20 21:46:51.322176
-000.07,-000.02,-000.02,,Bsef20m500,2024-03-20 21:46:51.339552
-000.08,-000.02,-000.01,,Bsef20m500,2024-03-20 21:46:51.343548
-000.09,-000.03,-000.02,,Bsef20m500,2024-03-20 21:46:51.357001
-000.07,-000.03,-000.04,,Bsef20m500,2024-03-20 21:46:51.361491
-000.05,-000.05,-000.06,,Bsef20m500,2024-03-20 21:46:51.367552
-000.04,-000.07,-000.07,,Bsef20m500,2024-03-20 21:46:51.373905
-000.03,-000.07,-000.05,,Bsef20m500,2024-03-20 21:46:51.377652
-000.02,-000.06,-000.02,,Bsef20m500,2024-03-20 21:46:51.383398
-000.04,-000.02,000.07,,Bsef20m500,2024-03-20 21:46:51.391438
-000.07,-000.01,000.10,,Bsef20m500,2024-03-20 21:46:51.395439
-000.08,000.01,000.13,,Bsef20m500,2024-03-20 21:46:51.400632
-000.07,000.02,000.13,,Bsef20m500,2024-03-20 21:46:51.406624
-000.07,000.02,000.13,,Bsef20m500,2024-03-20 21:46:51.410622
-000.05,000.01,000.12,,Bsef20m500,2024-03-20 21:46:51.414931
-000.04,000.00,000.10,,Bsef20m500,2024-03-20 21:46:51.420727
-000.04,-000.01,000.09,,Bsef20m500,2024-03-20 21:46:51.424730
-000.04,-000.01,000.08,,Bsef20m500,2024-03-20 21:46:51.428727
-000.04,-000.02,000.07,,Bsef20m500,2024-03-20 21:46:51.435122
-000.02,-000.04,000.07,,Bsef20m500,2024-03-20 21:46:51.440115
-000.01,-000.06,000.07,,Bsef20m500,2024-03-20 21:46:51.445114
-000.01,-000.08,000.08,,Bsef20m500,2024-03-20 21:46:51.450312
-000.00,-000.10,000.09,,Bsef20m500,2024-03-20 21:46:51.456534
-000.00,-000.10,000.12,,Bsef20m500,2024-03-20 21:46:51.461532
000.00,-000.08,000.12,,Bsef20m500,2024-03-20 21:46:51.469980
-000.03,-000.05,000.03,,Bsef20m500,2024-03-20 21:46:51.477980
-000.04,-000.04,000.01,,Bsef20m500,2024-03-20 21:46:51.483686
-000.05,-000.04,-000.00,,Bsef20m500,2024-03-20 21:46:51.554149
-000.06,-000.04,000.00,,Bsef20m500,2024-03-20 21:46:51.560152
-000.05,-000.06,000.00,,Bsef20m500,2024-03-20 21:46:51.568149
-000.04,-000.07,000.01,,Bsef20m500,2024-03-20 21:46:51.573147
-000.01,-000.07,-000.00,,Bsef20m500,2024-03-20 21:46:51.577147
000.02,-000.08,-000.01,,Bsef20m500,2024-03-20 21:46:51.581147
000.04,-000.08,-000.02,,Bsef20m500,2024-03-20 21:46:51.587150
000.06,-000.09,-000.05,,Bsef20m500,2024-03-20 21:46:51.590168
000.07,-000.11,-000.08,,Bsef20m500,2024-03-20 21:46:51.597461
000.07,-000.11,-000.07,,Bsef20m500,2024-03-20 21:46:51.603002
000.07,-000.11,-000.05,,Bsef20m500,2024-03-20 21:46:51.607001
000.05,-000.11,-000.05,,Bsef20m500,2024-03-20 21:46:51.614159
000.04,-000.11,-000.03,,Bsef20m500,2024-03-20 21:46:51.619419
000.03,-000.11,000.00,,Bsef20m500,2024-03-20 21:46:51.626179
000.03,-000.10,000.03,,Bsef20m500,2024-03-20 21:46:51.631179
000.01,-000.08,000.03,,Bsef20m500,2024-03-20 21:46:51.637306
-000.00,-000.08,000.03,,Bsef20m500,2024-03-20 21:46:51.641345
-000.01,-000.07,000.03,,Bsef20m500,2024-03-20 21:46:51.645346
-000.03,-000.06,000.02,,Bsef20m500,2024-03-20 21:46:51.649348
-000.04,-000.04,000.02,,Bsef20m500,2024-03-20 21:46:51.655673
-000.04,-000.03,000.04,,Bsef20m500,2024-03-20 21:46:51.659459
-000.04,-000.03,000.03,,Bsef20m500,2024-03-20 21:46:51.663459
-000.02,-000.05,000.02,,Bsef20m500,2024-03-20 21:46:51.669796
000.00,-000.07,000.03,,Bsef20m500,2024-03-20 21:46:51.674793
000.03,-000.10,000.02,,Bsef20m500,2024-03-20 21:46:51.680944
000.03,-000.12,000.02,,Bsef20m500,2024-03-20 21:46:51.686941
000.02,-000.12,000.02,,Bsef20m500,2024-03-20 21:46:51.691942
000.01,-000.10,000.04,,Bsef20m500,2024-03-20 21:46:51.701306
-000.01,-000.08,000.07,,Bsef20m500,2024-03-20 21:46:51.708402
-000.03,-000.06,000.09,,Bsef20m500,2024-03-20 21:46:51.713400
-000.03,-000.04,000.09,,Bsef20m500,2024-03-20 21:46:51.720477
-000.03,-000.02,000.07,,Bsef20m500,2024-03-20 21:46:51.729719
-000.04,-000.01,000.03,,Bsef20m500,2024-03-20 21:46:51.734721
-000.04,-000.02,000.00,,Bsef20m500,2024-03-20 21:46:51.738717
-000.03,-000.03,000.00,,Bsef20m500,2024-03-20 21:46:51.746050
-000.04,-000.04,-000.01,,Bsef20m500,2024-03-20 21:46:51.751630
-000.04,-000.04,-000.00,,Bsef20m500,2024-03-20 21:46:51.756512
-000.05,-000.05,000.01,,Bsef20m500,2024-03-20 21:46:51.760526
-000.05,-000.05,000.02,,Bsef20m500,2024-03-20 21:46:51.764530
-000.04,-000.05,000.02,,Bsef20m500,2024-03-20 21:46:51.772527
-000.04,-000.05,000.03,,Bsef20m500,2024-03-20 21:46:51.777571
-000.05,-000.05,000.04,,Bsef20m500,2024-03-20 21:46:51.781568
-000.04,-000.04,000.05,,Bsef20m500,2024-03-20 21:46:51.788622
-000.04,-000.02,000.06,,Bsef20m500,2024-03-20 21:46:51.793568
-000.05,-000.03,000.06,,Bsef20m500,2024-03-20 21:46:51.797570
-000.05,-000.03,000.05,,Bsef20m500,2024-03-20 21:46:51.803892
-000.05,-000.03,000.03,,Bsef20m500,2024-03-20 21:46:51.809639
-000.04,-000.03,-000.00,,Bsef20m500,2024-03-20 21:46:51.813784
-000.03,-000.02,-000.01,,Bsef20m500,2024-03-20 21:46:51.819641
-000.02,-000.02,-000.00,,Bsef20m500,2024-03-20 21:46:51.823861
-000.03,-000.03,000.00,,Bsef20m500,2024-03-20 21:46:51.827634
-000.04,-000.04,000.02,,Bsef20m500,2024-03-20 21:46:51.832636
-000.03,-000.05,000.04,,Bsef20m500,2024-03-20 21:46:51.838419
-000.02,-000.06,000.03,,Bsef20m500,2024-03-20 21:46:51.842440
-000.00,-000.07,000.03,,Bsef20m500,2024-03-20 21:46:51.846441
-000.00,-000.07,000.02,,Bsef20m500,2024-03-20 21:46:51.851444
-000.01,-000.06,000.02,,Bsef20m500,2024-03-20 21:46:51.855441
-000.03,-000.06,000.02,,Bsef20m500,2024-03-20 21:46:51.864083
-000.04,-000.06,000.03,,Bsef20m500,2024-03-20 21:46:51.868442
-000.05,-000.05,000.04,,Bsef20m500,2024-03-20 21:46:51.872442
-000.05,-000.04,000.04,,Bsef20m500,2024-03-20 21:46:51.876441
-000.03,-000.04,000.04,,Bsef20m500,2024-03-20 21:46:51.881442
-000.03,-000.05,000.04,,Bsef20m500,2024-03-20 21:46:51.885441
-000.04,-000.05,000.03,,Bsef20m500,2024-03-20 21:46:51.889440
-000.04,-000.07,000.02,,Bsef20m500,2024-03-20 21:46:51.893441
-000.05,-000.07,000.02,,Bsef20m500,2024-03-20 21:46:51.899313
-000.05,-000.07,000.03,,Bsef20m500,2024-03-20 21:46:51.904312
-000.05,-000.06,000.04,,Bsef20m500,2024-03-20 21:46:51.912637
-000.05,-000.04,000.07,,Bsef20m500,2024-03-20 21:46:51.919968
-000.05,-000.04,000.08,,Bsef20m500,2024-03-20 21:46:51.924966
-000.04,-000.04,000.09,,Bsef20m500,2024-03-20 21:46:51.931266
-000.03,-000.04,000.09,,Bsef20m500,2024-03-20 21:46:51.939809
-000.02,-000.03,000.09,,Bsef20m500,2024-03-20 21:46:51.944850
-000.02,-000.04,000.08,,Bsef20m500,2024-03-20 21:46:51.956035
-000.01,-000.04,000.08,,Bsef20m500,2024-03-20 21:46:51.963086
000.03,-000.05,000.12,,Bsef20m500,2024-03-20 21:46:51.973378
000.04,-000.07,000.13,,Bsef20m500,2024-03-20 21:46:51.979377
000.01,-000.08,000.09,,Bsef20m500,2024-03-20 21:46:51.987770
-000.04,000.00,-000.02,,Bsef20m500,2024-03-20 21:46:52.002649
-000.04,000.00,-000.02,,Bsef20m500,2024-03-20 21:46:52.008722
-000.02,-000.02,000.01,,Bsef20m500,2024-03-20 21:46:52.014722
-000.02,-000.06,000.04,,Bsef20m500,2024-03-20 21:46:52.019722
-000.02,-000.09,000.04,,Bsef20m500,2024-03-20 21:46:52.025821
000.00,-000.10,000.05,,Bsef20m500,2024-03-20 21:46:52.031122
000.03,-000.10,000.04,,Bsef20m500,2024-03-20 21:46:52.036177
000.03,-000.10,000.03,,Bsef20m500,2024-03-20 21:46:52.042176
000.02,-000.10,000.01,,Bsef20m500,2024-03-20 21:46:52.049176
000.01,-000.10,-000.01,,Bsef20m500,2024-03-20 21:46:52.060398
000.01,-000.11,000.00,,Bsef20m500,2024-03-20 21:46:52.069147
000.02,-000.11,000.00,,Bsef20m500,2024-03-20 21:46:52.075951
000.03,-000.12,-000.00,,Bsef20m500,2024-03-20 21:46:52.083950
000.07,-000.11,000.03,,Bsef20m500,2024-03-20 21:46:52.099601
000.07,-000.12,000.05,,Bsef20m500,2024-03-20 21:46:52.106299
000.06,-000.14,000.04,,Bsef20m500,2024-03-20 21:46:52.110342
000.06,-000.15,000.02,,Bsef20m500,2024-03-20 21:46:52.120930
000.04,-000.15,000.02,,Bsef20m500,2024-03-20 21:46:52.126956
000.00,-000.13,000.01,,Bsef20m500,2024-03-20 21:46:52.131951
-000.02,-000.10,000.01,,Bsef20m500,2024-03-20 21:46:52.140952
-000.06,-000.08,000.06,,Bsef20m500,2024-03-20 21:46:52.151965
-000.06,-000.07,000.08,,Bsef20m500,2024-03-20 21:46:52.156947
-000.06,-000.07,000.09,,Bsef20m500,2024-03-20 21:46:52.162017
-000.06,-000.07,000.08,,Bsef20m500,2024-03-20 21:46:52.169527
-000.05,-000.07,000.07,,Bsef20m500,2024-03-20 21:46:52.174519
-000.03,-000.05,000.04,,Bsef20m500,2024-03-20 21:46:52.178521
-000.02,-000.07,-000.00,,Bsef20m500,2024-03-20 21:46:52.187587
-000.01,-000.08,-000.03,,Bsef20m500,2024-03-20 21:46:52.191586
-000.01,-000.08,-000.05,,Bsef20m500,2024-03-20 21:46:52.196587
-000.01,-000.09,-000.07,,Bsef20m500,2024-03-20 21:46:52.204435
-000.01,-000.08,-000.07,,Bsef20m500,2024-03-20 21:46:52.208438
000.01,-000.07,-000.06,,Bsef20m500,2024-03-20 21:46:52.227800
000.02,-000.08,-000.05,,Bsef20m500,2024-03-20 21:46:52.236217
000.02,-000.08,-000.04,,Bsef20m500,2024-03-20 21:46:52.241330
000.01,-000.07,-000.03,,Bsef20m500,2024-03-20 21:46:52.246615
000.02,-000.07,-000.01,,Bsef20m500,2024-03-20 21:46:52.253614
000.02,-000.06,-000.00,,Bsef20m500,2024-03-20 21:46:52.257018
000.04,-000.05,-000.03,,Bsef20m500,2024-03-20 21:46:52.261030
000.03,-000.04,-000.05,,Bsef20m500,2024-03-20 21:46:52.267040
000.03,-000.03,-000.08,,Bsef20m500,2024-03-20 21:46:52.272031
000.03,-000.03,-000.09,,Bsef20m500,2024-03-20 21:46:52.278210
000.02,-000.02,-000.07,,Bsef20m500,2024-03-20 21:46:52.284037
000.00,-000.01,-000.02,,Bsef20m500,2024-03-20 21:46:52.289102
-000.02,000.00,000.02,,Bsef20m500,2024-03-20 21:46:52.295330
-000.06,000.00,000.06,,Bsef20m500,2024-03-20 21:46:52.302156
-000.13,000.01,000.09,,Bsef20m500,2024-03-20 21:46:52.310155
-000.16,000.02,000.10,,Bsef20m500,2024-03-20 21:46:52.314252
-000.20,000.03,000.11,,Bsef20m500,2024-03-20 21:46:52.320107
-000.21,000.05,000.11,,Bsef20m500,2024-03-20 21:46:52.324106
-000.20,000.04,000.13,,Bsef20m500,2024-03-20 21:46:52.328433
-000.19,000.04,000.16,,Bsef20m500,2024-03-20 21:46:52.333125
-000.17,000.03,000.16,,Bsef20m500,2024-03-20 21:46:52.338309
-000.16,000.02,000.17,,Bsef20m500,2024-03-20 21:46:52.343308
-000.14,000.02,000.15,,Bsef20m500,2024-03-20 21:46:52.348261
-000.11,000.01,000.14,,Bsef20m500,2024-03-20 21:46:52.354310
-000.07,-000.00,000.12,,Bsef20m500,2024-03-20 21:46:52.385068
-000.04,-000.01,000.11,,Bsef20m500,2024-03-20 21:46:52.406734
-000.03,-000.01,000.12,,Bsef20m500,2024-03-20 21:46:52.412728
-000.02,-000.03,000.14,,Bsef20m500,2024-03-20 21:46:52.425253
000.02,-000.06,000.13,,Bsef20m500,2024-03-20 21:46:52.446442
000.03,-000.05,000.11,,Bsef20m500,2024-03-20 21:46:52.461648
000.02,-000.04,000.10,,Bsef20m500,2024-03-20 21:46:52.476919
000.01,-000.03,000.09,,Bsef20m500,2024-03-20 21:46:52.491280
000.00,-000.01,000.06,,Bsef20m500,2024-03-20 21:46:52.497362
-000.01,-000.01,000.04,,Bsef20m500,2024-03-20 21:46:52.505404
-000.01,-000.04,000.04,,Bsef20m500,2024-03-20 21:46:52.510405
-000.01,-000.05,000.04,,Bsef20m500,2024-03-20 21:46:52.614099
-000.02,-000.06,000.05,,Bsef20m500,2024-03-20 21:46:52.629712
-000.02,-000.06,000.04,,Bsef20m500,2024-03-20 21:46:52.663680
-000.03,-000.05,000.03,,Bsef20m500,2024-03-20 21:46:52.672875
-000.05,-000.05,-000.00,,Bsef20m500,2024-03-20 21:46:52.686918
-000.06,-000.06,-000.02,,Bsef20m500,2024-03-20 21:46:52.693262
-000.06,-000.06,-000.03,,Bsef20m500,2024-03-20 21:46:52.704946
-000.07,-000.06,-000.06,,Bsef20m500,2024-03-20 21:46:52.710981
-000.08,-000.06,-000.08,,Bsef20m500,2024-03-20 21:46:52.719690
-000.08,-000.05,-000.08,,Bsef20m500,2024-03-20 21:46:52.724582
-000.06,-000.05,-000.07,,Bsef20m500,2024-03-20 21:46:52.729956
-000.05,-000.07,-000.06,,Bsef20m500,2024-03-20 21:46:52.738292
-000.05,-000.09,-000.05,,Bsef20m500,2024-03-20 21:46:52.742291
-000.07,-000.10,-000.04,,Bsef20m500,2024-03-20 21:46:52.746292
-000.05,-000.09,-000.06,,Bsef20m500,2024-03-20 21:46:52.756129
-000.04,-000.09,-000.07,,Bsef20m500,2024-03-20 21:46:52.761126
-000.05,-000.08,-000.07,,Bsef20m500,2024-03-20 21:46:52.769610
-000.06,-000.06,-000.06,,Bsef20m500,2024-03-20 21:46:52.776762
-000.05,-000.04,-000.05,,Bsef20m500,2024-03-20 21:46:52.788064
-000.05,-000.02,-000.05,,Bsef20m500,2024-03-20 21:46:52.794249
-000.03,-000.01,-000.06,,Bsef20m500,2024-03-20 21:46:52.805983
-000.02,000.00,-000.05,,Bsef20m500,2024-03-20 21:46:52.811547
-000.03,-000.00,-000.08,,Bsef20m500,2024-03-20 21:46:52.820646
000.01,-000.03,-000.13,,Bsef20m500,2024-03-20 21:46:52.826547
000.10,-000.08,-000.18,,Bsef20m500,2024-03-20 21:46:52.833549
000.16,-000.14,-000.15,,Bsef20m500,2024-03-20 21:46:52.838064
000.17,-000.17,-000.10,,Bsef20m500,2024-03-20 21:46:52.843099
000.16,-000.18,-000.03,,Bsef20m500,2024-03-20 21:46:52.848609
000.12,-000.18,000.07,,Bsef20m500,2024-03-20 21:46:52.857774
000.04,-000.19,000.09,,Bsef20m500,2024-03-20 21:46:52.870490
000.02,-000.26,-000.01,,Bsef20m500,2024-03-20 21:46:52.875539
000.05,-000.21,-000.10,,Bsef20m500,2024-03-20 21:46:52.881635
-000.00,000.01,000.00,,Bsef20m500,2024-03-20 21:46:52.888542
-000.12,000.17,000.08,,Bsef20m500,2024-03-20 21:46:52.893568
-000.21,000.22,-000.03,,Bsef20m500,2024-03-20 21:46:52.898573
-000.26,000.19,-000.01,,Bsef20m500,2024-03-20 21:46:52.906810
-000.26,000.15,000.14,,Bsef20m500,2024-03-20 21:46:52.912393
-000.23,000.12,000.27,,Bsef20m500,2024-03-20 21:46:52.921795
-000.02,-000.03,000.27,,Bsef20m500,2024-03-20 21:46:52.937286
000.04,-000.10,000.25,,Bsef20m500,2024-03-20 21:46:52.941286
000.07,-000.15,000.21,,Bsef20m500,2024-03-20 21:46:52.945286
000.10,-000.19,000.20,,Bsef20m500,2024-03-20 21:46:52.953447
000.09,-000.22,000.21,,Bsef20m500,2024-03-20 21:46:52.957446
000.07,-000.23,000.21,,Bsef20m500,2024-03-20 21:46:52.963447
000.06,-000.24,000.20,,Bsef20m500,2024-03-20 21:46:52.970675
000.06,-000.22,000.21,,Bsef20m500,2024-03-20 21:46:52.974673
000.08,-000.20,000.23,,Bsef20m500,2024-03-20 21:46:52.981656
000.10,-000.17,000.22,,Bsef20m500,2024-03-20 21:46:52.987672
-000.00,-000.03,000.12,,Bsef20m500,2024-03-20 21:46:52.993672
-000.03,000.04,000.05,,Bsef20m500,2024-03-20 21:46:52.998272
-000.03,000.02,-000.01,,Bsef20m500,2024-03-20 21:46:53.006990
-000.07,-000.09,-000.04,,Bsef20m500,2024-03-20 21:46:53.013989
-000.09,-000.19,-000.09,,Bsef20m500,2024-03-20 21:46:53.023078
-000.01,-000.23,-000.14,,Bsef20m500,2024-03-20 21:46:53.030984
000.11,-000.22,-000.17,,Bsef20m500,2024-03-20 21:46:53.038989
000.19,-000.21,-000.18,,Bsef20m500,2024-03-20 21:46:53.043984
000.23,-000.23,-000.16,,Bsef20m500,2024-03-20 21:46:53.048984
000.25,-000.28,-000.12,,Bsef20m500,2024-03-20 21:46:53.054984
000.29,-000.37,-000.14,,Bsef20m500,2024-03-20 21:46:53.058984
000.32,-000.48,-000.16,,Bsef20m500,2024-03-20 21:46:53.061983
000.32,-000.53,-000.10,,Bsef20m500,2024-03-20 21:46:53.067987
000.33,-000.52,-000.03,,Bsef20m500,2024-03-20 21:46:53.074984
000.34,-000.45,-000.01,,Bsef20m500,2024-03-20 21:46:53.080984
000.27,-000.38,-000.04,,Bsef20m500,2024-03-20 21:46:53.088063
000.18,-000.33,-000.14,,Bsef20m500,2024-03-20 21:46:53.092063
000.17,-000.31,-000.25,,Bsef20m500,2024-03-20 21:46:53.096063
000.19,-000.30,-000.28,,Bsef20m500,2024-03-20 21:46:53.103065
000.20,-000.31,-000.26,,Bsef20m500,2024-03-20 21:46:53.108065
000.19,-000.31,-000.25,,Bsef20m500,2024-03-20 21:46:53.112063
000.17,-000.29,-000.25,,Bsef20m500,2024-03-20 21:46:53.118134
000.15,-000.26,-000.23,,Bsef20m500,2024-03-20 21:46:53.122124
000.14,-000.24,-000.21,,Bsef20m500,2024-03-20 21:46:53.129047
000.11,-000.22,-000.18,,Bsef20m500,2024-03-20 21:46:53.138201
-000.00,-000.12,-000.22,,Bsef20m500,2024-03-20 21:46:53.150649
-000.04,-000.09,-000.22,,Bsef20m500,2024-03-20 21:46:53.157313
-000.07,-000.06,-000.20,,Bsef20m500,2024-03-20 21:46:53.162313
-000.08,-000.03,-000.18,,Bsef20m500,2024-03-20 21:46:53.170716
-000.10,-000.01,-000.16,,Bsef20m500,2024-03-20 21:46:53.176560
-000.12,000.01,-000.16,,Bsef20m500,2024-03-20 21:46:53.180752
-000.14,000.03,-000.14,,Bsef20m500,2024-03-20 21:46:53.188062
-000.16,000.04,-000.11,,Bsef20m500,2024-03-20 21:46:53.193060
-000.16,000.06,-000.09,,Bsef20m500,2024-03-20 21:46:53.198390
-000.16,000.08,-000.05,,Bsef20m500,2024-03-20 21:46:53.205065
-000.15,000.10,-000.01,,Bsef20m500,2024-03-20 21:46:53.210141
-000.16,000.12,000.04,,Bsef20m500,2024-03-20 21:46:53.220998
-000.15,000.12,000.06,,Bsef20m500,2024-03-20 21:46:53.225998
-000.14,000.12,000.07,,Bsef20m500,2024-03-20 21:46:53.233179
-000.14,000.12,000.11,,Bsef20m500,2024-03-20 21:46:53.242511
-000.12,000.11,000.16,,Bsef20m500,2024-03-20 21:46:53.248346
-000.04,000.10,000.27,,Bsef20m500,2024-03-20 21:46:53.262600
-000.06,000.12,000.32,,Bsef20m500,2024-03-20 21:46:53.278603
-000.04,000.16,000.30,,Bsef20m500,2024-03-20 21:46:53.288121
-000.06,000.17,000.29,,Bsef20m500,2024-03-20 21:46:53.293121
-000.07,000.16,000.27,,Bsef20m500,2024-03-20 21:46:53.298318
-000.08,000.16,000.26,,Bsef20m500,2024-03-20 21:46:53.306431
-000.10,000.14,000.25,,Bsef20m500,2024-03-20 21:46:53.311532
-000.12,000.12,000.24,,Bsef20m500,2024-03-20 21:46:53.319878
-000.12,000.11,000.22,,Bsef20m500,2024-03-20 21:46:53.324853
-000.16,000.10,000.14,,Bsef20m500,2024-03-20 21:46:53.339087
-000.16,000.11,000.09,,Bsef20m500,2024-03-20 21:46:53.346547
-000.17,000.11,000.04,,Bsef20m500,2024-03-20 21:46:53.355348
-000.20,000.10,-000.03,,Bsef20m500,2024-03-20 21:46:53.359350
-000.22,000.10,-000.07,,Bsef20m500,2024-03-20 21:46:53.366265
-000.23,000.10,-000.09,,Bsef20m500,2024-03-20 21:46:53.373261
-000.25,000.10,-000.09,,Bsef20m500,2024-03-20 21:46:53.378260
-000.26,000.11,-000.09,,Bsef20m500,2024-03-20 21:46:53.383267
-000.25,000.12,-000.07,,Bsef20m500,2024-03-20 21:46:53.388259
-000.25,000.11,-000.05,,Bsef20m500,2024-03-20 21:46:53.393757
-000.32,000.16,000.22,,Bsef20m500,2024-03-20 21:46:53.398260
000.09,-000.03,-000.32,,Bsef20m500,2024-03-20 21:46:53.409155
000.09,000.16,-000.12,,Bsef20m500,2024-03-20 21:46:53.414268
-000.13,000.28,-000.04,,Bsef20m500,2024-03-20 21:46:53.420271
-000.54,000.23,-000.10,,Bsef20m500,2024-03-20 21:46:53.425269
-000.06,000.03,000.08,,Bsef20m500,2024-03-20 21:46:53.441267
-000.04,-000.06,000.28,,Bsef20m500,2024-03-20 21:46:53.446268
000.01,-000.11,000.46,,Bsef20m500,2024-03-20 21:46:53.453202
000.10,-000.03,000.55,,Bsef20m500,2024-03-20 21:46:53.457252
000.16,000.08,000.49,,Bsef20m500,2024-03-20 21:46:53.460366
000.13,000.07,000.32,,Bsef20m500,2024-03-20 21:46:53.466413
000.13,-000.08,000.15,,Bsef20m500,2024-03-20 21:46:53.473448
000.20,-000.24,000.05,,Bsef20m500,2024-03-20 21:46:53.479446
000.28,-000.32,000.03,,Bsef20m500,2024-03-20 21:46:53.485694
000.32,-000.32,000.04,,Bsef20m500,2024-03-20 21:46:53.489692
000.28,-000.27,000.12,,Bsef20m500,2024-03-20 21:46:53.493692
000.19,-000.19,000.22,,Bsef20m500,2024-03-20 21:46:53.498233
000.10,-000.14,000.28,,Bsef20m500,2024-03-20 21:46:53.503978
000.04,-000.14,000.30,,Bsef20m500,2024-03-20 21:46:53.508028
-000.00,-000.16,000.27,,Bsef20m500,2024-03-20 21:46:53.512025
-000.01,-000.21,000.18,,Bsef20m500,2024-03-20 21:46:53.518031
000.01,-000.22,000.05,,Bsef20m500,2024-03-20 21:46:53.522134
000.03,-000.20,-000.06,,Bsef20m500,2024-03-20 21:46:53.525846
000.01,-000.17,-000.12,,Bsef20m500,2024-03-20 21:46:53.528847
-000.02,-000.16,-000.13,,Bsef20m500,2024-03-20 21:46:53.534766
-000.04,-000.15,-000.10,,Bsef20m500,2024-03-20 21:46:53.538761
-000.05,-000.14,-000.05,,Bsef20m500,2024-03-20 21:46:53.542761
-000.07,-000.15,-000.00,,Bsef20m500,2024-03-20 21:46:53.546760
-000.07,-000.15,000.04,,Bsef20m500,2024-03-20 21:46:53.551761
-000.05,-000.15,000.06,,Bsef20m500,2024-03-20 21:46:53.555397
-000.02,-000.17,000.07,,Bsef20m500,2024-03-20 21:46:53.559397
000.01,-000.20,000.08,,Bsef20m500,2024-03-20 21:46:53.562397
000.05,-000.23,000.07,,Bsef20m500,2024-03-20 21:46:53.567153
000.08,-000.25,000.07,,Bsef20m500,2024-03-20 21:46:53.571126
000.11,-000.26,000.02,,Bsef20m500,2024-03-20 21:46:53.576126
000.12,-000.25,000.03,,Bsef20m500,2024-03-20 21:46:53.580126
000.11,-000.24,000.06,,Bsef20m500,2024-03-20 21:46:53.584126
000.16,-000.22,000.08,,Bsef20m500,2024-03-20 21:46:53.588203
000.21,-000.21,000.07,,Bsef20m500,2024-03-20 21:46:53.592659
000.21,-000.23,000.03,,Bsef20m500,2024-03-20 21:46:53.595657
000.20,-000.25,000.02,,Bsef20m500,2024-03-20 21:46:53.599717
000.23,-000.25,000.04,,Bsef20m500,2024-03-20 21:46:53.603687
000.24,-000.25,000.07,,Bsef20m500,2024-03-20 21:46:53.607687
000.24,-000.25,000.07,,Bsef20m500,2024-03-20 21:46:53.611689
000.24,-000.26,000.06,,Bsef20m500,2024-03-20 21:46:53.614687
000.23,-000.27,000.05,,Bsef20m500,2024-03-20 21:46:53.618767
000.22,-000.25,000.04,,Bsef20m500,2024-03-20 21:46:53.622767
000.19,-000.21,000.02,,Bsef20m500,2024-03-20 21:46:53.626768
000.14,-000.20,000.02,,Bsef20m500,2024-03-20 21:46:53.630768
000.10,-000.20,000.02,,Bsef20m500,2024-03-20 21:46:53.634767
000.08,-000.20,000.01,,Bsef20m500,2024-03-20 21:46:53.637767
000.06,-000.21,-000.02,,Bsef20m500,2024-03-20 21:46:53.641769
000.01,-000.22,-000.01,,Bsef20m500,2024-03-20 21:46:53.645767
-000.02,-000.22,000.00,,Bsef20m500,2024-03-20 21:46:53.649767
-000.03,-000.24,000.01,,Bsef20m500,2024-03-20 21:46:53.652767
-000.03,-000.24,000.00,,Bsef20m500,2024-03-20 21:46:53.656767
-000.01,-000.25,000.02,,Bsef20m500,2024-03-20 21:46:53.660767
-000.03,-000.27,000.06,,Bsef20m500,2024-03-20 21:46:53.664768
-000.08,-000.24,000.04,,Bsef20m500,2024-03-20 21:46:53.668767
-000.09,-000.20,-000.00,,Bsef20m500,2024-03-20 21:46:53.671768
-000.10,-000.15,-000.02,,Bsef20m500,2024-03-20 21:46:53.675777
-000.14,-000.04,-000.11,,Bsef20m500,2024-03-20 21:46:53.679834
-000.15,000.37,-000.48,,Bsef20m500,2024-03-20 21:46:53.683674
-000.69,000.20,-000.51,,Bsef20m500,2024-03-20 21:46:55.402499
-000.63,-000.18,-000.10,,Bsef20m500,2024-03-20 21:46:55.443098
-000.37,-000.39,000.10,,Bsef20m500,2024-03-20 21:46:55.456855
-000.05,-000.19,000.06,,Bsef20m500,2024-03-20 21:46:55.463853
000.22,000.25,-000.16,,Bsef20m500,2024-03-20 21:46:55.472573
000.27,000.58,-000.48,,Bsef20m500,2024-03-20 21:46:55.477568
000.07,000.59,-000.69,,Bsef20m500,2024-03-20 21:46:55.484628
-000.15,000.31,-000.68,,Bsef20m500,2024-03-20 21:46:55.490783
-000.25,000.02,-000.49,,Bsef20m500,2024-03-20 21:46:55.504082
-000.24,-000.12,-000.24,,Bsef20m500,2024-03-20 21:46:55.511686
-000.23,-000.08,-000.07,,Bsef20m500,2024-03-20 21:46:55.519700
-000.24,000.10,-000.02,,Bsef20m500,2024-03-20 21:46:55.525774
-000.26,000.30,-000.02,,Bsef20m500,2024-03-20 21:46:55.531897
-000.28,000.40,-000.02,,Bsef20m500,2024-03-20 21:46:55.538075
-000.29,000.40,-000.06,,Bsef20m500,2024-03-20 21:46:55.543101
-000.30,000.34,-000.12,,Bsef20m500,2024-03-20 21:46:55.548529
-000.29,000.27,-000.15,,Bsef20m500,2024-03-20 21:46:55.554663
-000.26,000.22,-000.15,,Bsef20m500,2024-03-20 21:46:55.560802
-000.22,000.21,-000.12,,Bsef20m500,2024-03-20 21:46:55.568203
-000.16,000.19,-000.06,,Bsef20m500,2024-03-20 21:46:55.574794
-000.12,000.16,000.04,,Bsef20m500,2024-03-20 21:46:55.579968
-000.12,000.12,000.14,,Bsef20m500,2024-03-20 21:46:55.588949
-000.06,000.03,000.22,,Bsef20m500,2024-03-20 21:46:55.599946
-000.05,000.03,000.19,,Bsef20m500,2024-03-20 21:46:55.608750
-000.03,000.02,000.18,,Bsef20m500,2024-03-20 21:46:55.613931
-000.04,-000.04,000.21,,Bsef20m500,2024-03-20 21:46:55.619750
000.02,-000.21,000.27,,Bsef20m500,2024-03-20 21:46:55.646204
000.07,-000.18,000.22,,Bsef20m500,2024-03-20 21:46:55.655679
000.16,-000.25,000.25,,Bsef20m500,2024-03-20 21:46:55.675086
000.21,-000.27,000.23,,Bsef20m500,2024-03-20 21:46:55.689926
000.20,-000.25,000.20,,Bsef20m500,2024-03-20 21:46:55.707431
000.18,-000.24,000.17,,Bsef20m500,2024-03-20 21:46:55.715427
000.16,-000.26,000.12,,Bsef20m500,2024-03-20 21:46:55.721430
000.15,-000.26,000.07,,Bsef20m500,2024-03-20 21:46:55.726426
000.09,-000.26,-000.05,,Bsef20m500,2024-03-20 21:46:55.739610
000.07,-000.23,-000.08,,Bsef20m500,2024-03-20 21:46:55.745582
000.05,-000.19,-000.15,,Bsef20m500,2024-03-20 21:46:55.751563
000.04,-000.15,-000.20,,Bsef20m500,2024-03-20 21:46:55.756561
000.02,-000.13,-000.23,,Bsef20m500,2024-03-20 21:46:55.761559
-000.01,-000.11,-000.25,,Bsef20m500,2024-03-20 21:46:55.766046
-000.03,-000.10,-000.26,,Bsef20m500,2024-03-20 21:46:55.772204
-000.02,-000.12,-000.27,,Bsef20m500,2024-03-20 21:46:55.777031
-000.01,-000.13,-000.26,,Bsef20m500,2024-03-20 21:46:55.781395
000.00,-000.14,-000.23,,Bsef20m500,2024-03-20 21:46:55.787904
000.01,-000.16,-000.22,,Bsef20m500,2024-03-20 21:46:55.792901
000.01,-000.16,-000.19,,Bsef20m500,2024-03-20 21:46:55.796902
000.00,-000.13,-000.15,,Bsef20m500,2024-03-20 21:46:55.803902
-000.02,-000.06,-000.18,,Bsef20m500,2024-03-20 21:46:55.812902
-000.05,-000.03,-000.16,,Bsef20m500,2024-03-20 21:46:55.820120
-000.06,-000.04,-000.15,,Bsef20m500,2024-03-20 21:46:55.825117
-000.04,-000.06,-000.13,,Bsef20m500,2024-03-20 21:46:55.829413
-000.00,-000.08,-000.11,,Bsef20m500,2024-03-20 21:46:55.841891
000.01,-000.08,-000.10,,Bsef20m500,2024-03-20 21:46:55.845889
000.00,-000.08,-000.07,,Bsef20m500,2024-03-20 21:46:55.854516
-000.01,-000.07,-000.03,,Bsef20m500,2024-03-20 21:46:55.859510
-000.02,-000.06,000.02,,Bsef20m500,2024-03-20 21:46:55.866053
-000.03,-000.05,000.07,,Bsef20m500,2024-03-20 21:46:55.872048
-000.03,-000.05,000.09,,Bsef20m500,2024-03-20 21:46:55.877051
-000.03,-000.06,000.08,,Bsef20m500,2024-03-20 21:46:55.882050
-000.02,-000.07,000.08,,Bsef20m500,2024-03-20 21:46:55.887049
-000.02,-000.07,000.07,,Bsef20m500,2024-03-20 21:46:55.892338
-000.01,-000.07,000.06,,Bsef20m500,2024-03-20 21:46:55.902850
-000.01,-000.06,000.05,,Bsef20m500,2024-03-20 21:46:55.908849
-000.01,-000.03,000.10,,Bsef20m500,2024-03-20 21:46:55.919170
-000.00,-000.02,000.11,,Bsef20m500,2024-03-20 21:46:55.924264
-000.01,-000.01,000.12,,Bsef20m500,2024-03-20 21:46:55.931826
-000.03,-000.02,000.13,,Bsef20m500,2024-03-20 21:46:55.939257
-000.02,-000.03,000.12,,Bsef20m500,2024-03-20 21:46:55.945252
-000.01,-000.02,000.10,,Bsef20m500,2024-03-20 21:46:55.953824
-000.03,-000.01,000.09,,Bsef20m500,2024-03-20 21:46:55.958823
-000.07,000.01,000.12,,Bsef20m500,2024-03-20 21:46:55.964039
-000.10,000.04,000.16,,Bsef20m500,2024-03-20 21:46:55.971904
-000.12,000.06,000.21,,Bsef20m500,2024-03-20 21:46:55.976908
-000.13,000.10,000.26,,Bsef20m500,2024-03-20 21:46:55.981908
-000.14,000.12,000.29,,Bsef20m500,2024-03-20 21:46:55.987121
-000.14,000.11,000.26,,Bsef20m500,2024-03-20 21:46:55.992214
-000.12,000.09,000.22,,Bsef20m500,2024-03-20 21:46:55.997221
-000.11,000.08,000.18,,Bsef20m500,2024-03-20 21:46:56.004288
-000.09,000.05,000.14,,Bsef20m500,2024-03-20 21:46:56.009287
-000.05,000.04,000.10,,Bsef20m500,2024-03-20 21:46:56.013977
-000.02,000.03,000.05,,Bsef20m500,2024-03-20 21:46:56.019993
000.00,000.01,000.01,,Bsef20m500,2024-03-20 21:46:56.025050
000.02,-000.01,-000.01,,Bsef20m500,2024-03-20 21:46:56.029049
000.02,-000.05,-000.03,,Bsef20m500,2024-03-20 21:46:56.036067
000.01,-000.08,-000.02,,Bsef20m500,2024-03-20 21:46:56.040065
000.01,-000.11,000.02,,Bsef20m500,2024-03-20 21:46:56.045066
000.01,-000.12,000.04,,Bsef20m500,2024-03-20 21:46:56.050724
000.01,-000.12,000.03,,Bsef20m500,2024-03-20 21:46:56.057167
-000.01,-000.12,000.03,,Bsef20m500,2024-03-20 21:46:56.061161
-000.03,-000.10,000.03,,Bsef20m500,2024-03-20 21:46:56.067036
-000.04,-000.10,000.02,,Bsef20m500,2024-03-20 21:46:56.073275
-000.06,-000.10,000.04,,Bsef20m500,2024-03-20 21:46:56.078498
-000.07,-000.08,000.07,,Bsef20m500,2024-03-20 21:46:56.083287
-000.06,-000.08,000.08,,Bsef20m500,2024-03-20 21:46:56.089277
-000.05,-000.07,000.07,,Bsef20m500,2024-03-20 21:46:56.093275
-000.04,-000.06,000.06,,Bsef20m500,2024-03-20 21:46:56.101453
-000.03,-000.03,000.02,,Bsef20m500,2024-03-20 21:46:56.108469
-000.02,-000.02,000.01,,Bsef20m500,2024-03-20 21:46:56.112448
-000.01,-000.02,000.01,,Bsef20m500,2024-03-20 21:46:56.118452
-000.02,-000.02,000.03,,Bsef20m500,2024-03-20 21:46:56.122546
-000.04,-000.02,000.04,,Bsef20m500,2024-03-20 21:46:56.128543
-000.06,-000.03,000.04,,Bsef20m500,2024-03-20 21:46:56.135554
-000.06,-000.04,000.05,,Bsef20m500,2024-03-20 21:46:56.140542
-000.03,-000.05,000.05,,Bsef20m500,2024-03-20 21:46:56.146055
-000.01,-000.07,000.04,,Bsef20m500,2024-03-20 21:46:56.155543
-000.00,-000.09,000.04,,Bsef20m500,2024-03-20 21:46:56.159543
-000.01,-000.11,000.03,,Bsef20m500,2024-03-20 21:46:56.166935
-000.02,-000.14,000.01,,Bsef20m500,2024-03-20 21:46:56.172928
-000.02,-000.14,-000.03,,Bsef20m500,2024-03-20 21:46:56.179103
-000.01,-000.13,-000.06,,Bsef20m500,2024-03-20 21:46:56.186572
000.00,-000.13,-000.04,,Bsef20m500,2024-03-20 21:46:56.190745
000.00,-000.11,-000.01,,Bsef20m500,2024-03-20 21:46:56.194574
-000.01,-000.08,-000.03,,Bsef20m500,2024-03-20 21:46:56.201363
-000.03,-000.04,-000.08,,Bsef20m500,2024-03-20 21:46:56.205572
-000.04,000.00,-000.11,,Bsef20m500,2024-03-20 21:46:56.209571
-000.06,000.04,-000.11,,Bsef20m500,2024-03-20 21:46:56.213572
-000.11,000.09,-000.09,,Bsef20m500,2024-03-20 21:46:56.219880
-000.14,000.13,-000.08,,Bsef20m500,2024-03-20 21:46:56.223879
-000.14,000.15,-000.05,,Bsef20m500,2024-03-20 21:46:56.227879
-000.15,000.13,-000.02,,Bsef20m500,2024-03-20 21:46:56.233802
-000.14,000.09,000.03,,Bsef20m500,2024-03-20 21:46:56.238798
-000.12,000.04,000.08,,Bsef20m500,2024-03-20 21:46:56.244102
-000.08,-000.02,000.09,,Bsef20m500,2024-03-20 21:46:56.248369
-000.02,-000.06,000.07,,Bsef20m500,2024-03-20 21:46:56.254367
000.03,-000.11,000.04,,Bsef20m500,2024-03-20 21:46:56.260905
000.07,-000.16,-000.01,,Bsef20m500,2024-03-20 21:46:56.264896
000.09,-000.19,-000.07,,Bsef20m500,2024-03-20 21:46:56.272911
000.13,-000.22,-000.13,,Bsef20m500,2024-03-20 21:46:56.278248
000.16,-000.25,-000.17,,Bsef20m500,2024-03-20 21:46:56.286251
000.17,-000.26,-000.18,,Bsef20m500,2024-03-20 21:46:56.291248
000.18,-000.27,-000.17,,Bsef20m500,2024-03-20 21:46:56.297316
000.17,-000.29,-000.14,,Bsef20m500,2024-03-20 21:46:56.304315
000.14,-000.28,-000.11,,Bsef20m500,2024-03-20 21:46:56.308314
000.10,-000.26,-000.07,,Bsef20m500,2024-03-20 21:46:56.312318
000.09,-000.24,-000.02,,Bsef20m500,2024-03-20 21:46:56.318790
000.06,-000.22,000.00,,Bsef20m500,2024-03-20 21:46:56.322787
000.02,-000.20,000.03,,Bsef20m500,2024-03-20 21:46:56.326787
-000.03,-000.17,000.03,,Bsef20m500,2024-03-20 21:46:56.336788
-000.04,-000.15,000.02,,Bsef20m500,2024-03-20 21:46:56.340788
-000.04,-000.13,000.01,,Bsef20m500,2024-03-20 21:46:56.345788
-000.02,-000.12,-000.00,,Bsef20m500,2024-03-20 21:46:56.352982
-000.02,-000.13,-000.01,,Bsef20m500,2024-03-20 21:46:56.356980
-000.02,-000.14,-000.00,,Bsef20m500,2024-03-20 21:46:56.363667
-000.01,-000.13,000.01,,Bsef20m500,2024-03-20 21:46:56.371074
-000.01,-000.12,000.01,,Bsef20m500,2024-03-20 21:46:56.375074
-000.02,-000.09,000.03,,Bsef20m500,2024-03-20 21:46:56.378077
-000.01,-000.08,000.05,,Bsef20m500,2024-03-20 21:46:56.386138
-000.03,-000.07,000.05,,Bsef20m500,2024-03-20 21:46:56.390139
-000.04,-000.07,000.03,,Bsef20m500,2024-03-20 21:46:56.397138
-000.05,-000.05,-000.00,,Bsef20m500,2024-03-20 21:46:56.404788
-000.04,-000.04,-000.03,,Bsef20m500,2024-03-20 21:46:56.410139
-000.03,-000.02,-000.07,,Bsef20m500,2024-03-20 21:46:56.414137
-000.02,-000.01,-000.10,,Bsef20m500,2024-03-20 21:46:56.421136
-000.02,-000.02,-000.12,,Bsef20m500,2024-03-20 21:46:56.425182
-000.00,-000.04,-000.12,,Bsef20m500,2024-03-20 21:46:56.431179
000.01,-000.05,-000.11,,Bsef20m500,2024-03-20 21:46:56.437214
000.03,-000.05,-000.07,,Bsef20m500,2024-03-20 21:46:56.441214
000.03,-000.04,-000.02,,Bsef20m500,2024-03-20 21:46:56.445214
000.02,-000.05,000.01,,Bsef20m500,2024-03-20 21:46:56.451218
-000.01,-000.05,000.05,,Bsef20m500,2024-03-20 21:46:56.455217
-000.04,000.00,000.11,,Bsef20m500,2024-03-20 21:46:56.462213
-000.05,000.01,000.12,,Bsef20m500,2024-03-20 21:46:56.469020
-000.06,000.01,000.14,,Bsef20m500,2024-03-20 21:46:56.473022
-000.07,000.01,000.13,,Bsef20m500,2024-03-20 21:46:56.477022
-000.10,000.01,000.12,,Bsef20m500,2024-03-20 21:46:56.481455
-000.13,000.02,000.13,,Bsef20m500,2024-03-20 21:46:56.487020
-000.15,000.03,000.15,,Bsef20m500,2024-03-20 21:46:56.491019
-000.17,000.04,000.19,,Bsef20m500,2024-03-20 21:46:56.495020
-000.17,000.06,000.21,,Bsef20m500,2024-03-20 21:46:56.500673
-000.18,000.06,000.19,,Bsef20m500,2024-03-20 21:46:56.506668
-000.20,000.06,000.19,,Bsef20m500,2024-03-20 21:46:56.512668
-000.19,000.06,000.19,,Bsef20m500,2024-03-20 21:46:56.523841
-000.19,000.04,000.18,,Bsef20m500,2024-03-20 21:46:56.530031
-000.19,000.05,000.18,,Bsef20m500,2024-03-20 21:46:56.536002
-000.18,000.07,000.19,,Bsef20m500,2024-03-20 21:46:56.539882
-000.17,000.06,000.19,,Bsef20m500,2024-03-20 21:46:56.545094
-000.16,000.05,000.20,,Bsef20m500,2024-03-20 21:46:56.550906
-000.10,000.01,000.21,,Bsef20m500,2024-03-20 21:46:56.558882
-000.07,000.00,000.20,,Bsef20m500,2024-03-20 21:46:56.564956
-000.05,-000.01,000.17,,Bsef20m500,2024-03-20 21:46:56.570971
-000.03,-000.02,000.15,,Bsef20m500,2024-03-20 21:46:56.575023
000.01,-000.03,000.13,,Bsef20m500,2024-03-20 21:46:56.582100
000.02,-000.03,000.12,,Bsef20m500,2024-03-20 21:46:56.589503
000.04,-000.04,000.13,,Bsef20m500,2024-03-20 21:46:56.593538
000.04,-000.07,000.16,,Bsef20m500,2024-03-20 21:46:56.598187
000.04,-000.07,000.18,,Bsef20m500,2024-03-20 21:46:56.605845
000.02,-000.05,000.21,,Bsef20m500,2024-03-20 21:46:56.611821
-000.03,-000.06,000.22,,Bsef20m500,2024-03-20 21:46:56.619596
-000.08,-000.08,000.24,,Bsef20m500,2024-03-20 21:46:56.624599
-000.11,-000.09,000.27,,Bsef20m500,2024-03-20 21:46:56.631613
-000.10,-000.07,000.27,,Bsef20m500,2024-03-20 21:46:56.637502
-000.10,-000.05,000.25,,Bsef20m500,2024-03-20 21:46:56.641504
-000.11,-000.04,000.20,,Bsef20m500,2024-03-20 21:46:56.645502
-000.10,-000.04,000.16,,Bsef20m500,2024-03-20 21:46:56.651508
-000.09,-000.07,000.10,,Bsef20m500,2024-03-20 21:46:56.656190
-000.05,-000.11,000.03,,Bsef20m500,2024-03-20 21:46:56.659502
-000.03,-000.15,-000.03,,Bsef20m500,2024-03-20 21:46:56.664505
000.00,-000.17,-000.09,,Bsef20m500,2024-03-20 21:46:56.670851
000.11,-000.17,-000.16,,Bsef20m500,2024-03-20 21:46:56.674883
000.16,-000.19,-000.17,,Bsef20m500,2024-03-20 21:46:56.678886
000.10,-000.20,-000.12,,Bsef20m500,2024-03-20 21:46:56.684988
000.02,-000.19,-000.08,,Bsef20m500,2024-03-20 21:46:56.689959
-000.01,-000.17,-000.01,,Bsef20m500,2024-03-20 21:46:56.693958
-000.04,-000.14,000.06,,Bsef20m500,2024-03-20 21:46:56.698961
-000.05,-000.11,000.09,,Bsef20m500,2024-03-20 21:46:56.704959
-000.04,-000.10,000.02,,Bsef20m500,2024-03-20 21:46:56.709958
-000.02,-000.10,-000.05,,Bsef20m500,2024-03-20 21:46:56.715050
000.00,-000.13,-000.10,,Bsef20m500,2024-03-20 21:46:56.724050
000.04,-000.15,-000.11,,Bsef20m500,2024-03-20 21:46:56.730121
000.06,-000.17,-000.09,,Bsef20m500,2024-03-20 21:46:56.738234
000.06,-000.17,-000.07,,Bsef20m500,2024-03-20 21:46:56.744858
000.04,-000.17,-000.03,,Bsef20m500,2024-03-20 21:46:56.753925
000.01,-000.17,000.01,,Bsef20m500,2024-03-20 21:46:56.760456
000.01,-000.17,000.05,,Bsef20m500,2024-03-20 21:46:56.768548
000.00,-000.17,000.05,,Bsef20m500,2024-03-20 21:46:56.772589
000.00,-000.16,000.02,,Bsef20m500,2024-03-20 21:46:56.777587
000.00,-000.14,-000.00,,Bsef20m500,2024-03-20 21:46:56.784904
000.01,-000.14,-000.01,,Bsef20m500,2024-03-20 21:46:56.789874
-000.02,-000.13,-000.01,,Bsef20m500,2024-03-20 21:46:56.794874
-000.03,-000.12,000.01,,Bsef20m500,2024-03-20 21:46:56.802135
-000.05,-000.10,000.02,,Bsef20m500,2024-03-20 21:46:56.806132
-000.05,-000.07,000.03,,Bsef20m500,2024-03-20 21:46:56.811132
-000.04,-000.07,000.04,,Bsef20m500,2024-03-20 21:46:56.818137
-000.04,-000.08,000.08,,Bsef20m500,2024-03-20 21:46:56.823131
-000.04,-000.08,000.10,,Bsef20m500,2024-03-20 21:46:56.828133
-000.03,-000.09,000.09,,Bsef20m500,2024-03-20 21:46:56.835458
-000.00,-000.11,000.08,,Bsef20m500,2024-03-20 21:46:56.841679
000.00,-000.12,000.05,,Bsef20m500,2024-03-20 21:46:56.846678
000.00,-000.10,-000.00,,Bsef20m500,2024-03-20 21:46:56.853179
000.02,-000.10,-000.05,,Bsef20m500,2024-03-20 21:46:56.859175
000.02,-000.10,-000.05,,Bsef20m500,2024-03-20 21:46:56.864881
-000.02,-000.10,-000.01,,Bsef20m500,2024-03-20 21:46:56.872438
-000.05,-000.09,000.01,,Bsef20m500,2024-03-20 21:46:56.878282
-000.08,-000.05,000.05,,Bsef20m500,2024-03-20 21:46:56.888352
-000.10,-000.02,000.09,,Bsef20m500,2024-03-20 21:46:56.894405
-000.10,-000.01,000.09,,Bsef20m500,2024-03-20 21:46:56.902397
-000.08,-000.02,000.08,,Bsef20m500,2024-03-20 21:46:56.907296
-000.08,-000.04,000.06,,Bsef20m500,2024-03-20 21:46:56.912293
-000.09,-000.05,000.04,,Bsef20m500,2024-03-20 21:46:56.921426
-000.09,-000.05,000.04,,Bsef20m500,2024-03-20 21:46:56.926429
-000.10,-000.04,000.08,,Bsef20m500,2024-03-20 21:46:56.931481
-000.11,-000.04,000.14,,Bsef20m500,2024-03-20 21:46:56.938420
-000.11,-000.04,000.17,,Bsef20m500,2024-03-20 21:46:56.942559
-000.09,-000.04,000.17,,Bsef20m500,2024-03-20 21:46:56.946559
-000.06,-000.05,000.14,,Bsef20m500,2024-03-20 21:46:56.953562
-000.03,-000.07,000.07,,Bsef20m500,2024-03-20 21:46:56.958529
-000.01,-000.09,-000.01,,Bsef20m500,2024-03-20 21:46:56.962563
-000.01,-000.08,-000.07,,Bsef20m500,2024-03-20 21:46:56.969760
-000.03,-000.09,-000.10,,Bsef20m500,2024-03-20 21:46:56.974758
-000.03,-000.10,-000.08,,Bsef20m500,2024-03-20 21:46:56.978757
-000.02,-000.09,-000.04,,Bsef20m500,2024-03-20 21:46:56.985133
-000.01,-000.09,000.01,,Bsef20m500,2024-03-20 21:46:56.989513
-000.01,-000.10,000.04,,Bsef20m500,2024-03-20 21:46:56.993865
-000.01,-000.10,000.04,,Bsef20m500,2024-03-20 21:46:56.998158
-000.01,-000.09,000.04,,Bsef20m500,2024-03-20 21:46:57.003866
-000.01,-000.07,000.05,,Bsef20m500,2024-03-20 21:46:57.007866
-000.02,-000.05,000.07,,Bsef20m500,2024-03-20 21:46:57.012866
-000.04,-000.04,000.07,,Bsef20m500,2024-03-20 21:46:57.018865
-000.05,-000.03,000.07,,Bsef20m500,2024-03-20 21:46:57.022867
-000.05,-000.02,000.08,,Bsef20m500,2024-03-20 21:46:57.025957
-000.03,-000.03,000.08,,Bsef20m500,2024-03-20 21:46:57.029865
-000.03,-000.03,000.06,,Bsef20m500,2024-03-20 21:46:57.036012
-000.03,-000.02,000.04,,Bsef20m500,2024-03-20 21:46:57.040417
-000.03,-000.03,000.03,,Bsef20m500,2024-03-20 21:46:57.044012
-000.02,-000.05,000.03,,Bsef20m500,2024-03-20 21:46:57.049028
-000.04,-000.06,000.02,,Bsef20m500,2024-03-20 21:46:57.055163
-000.06,-000.06,000.01,,Bsef20m500,2024-03-20 21:46:57.060161
-000.08,-000.07,000.02,,Bsef20m500,2024-03-20 21:46:57.064165
-000.08,-000.07,000.03,,Bsef20m500,2024-03-20 21:46:57.071121
-000.07,-000.09,000.04,,Bsef20m500,2024-03-20 21:46:57.078120
-000.06,-000.10,000.05,,Bsef20m500,2024-03-20 21:46:57.084127
-000.06,-000.10,000.04,,Bsef20m500,2024-03-20 21:46:57.089119
-000.08,-000.10,000.02,,Bsef20m500,2024-03-20 21:46:57.095149
-000.08,-000.08,000.01,,Bsef20m500,2024-03-20 21:46:57.102148
-000.07,-000.07,000.00,,Bsef20m500,2024-03-20 21:46:57.106144
-000.07,-000.06,-000.01,,Bsef20m500,2024-03-20 21:46:57.112348
-000.07,-000.07,-000.04,,Bsef20m500,2024-03-20 21:46:57.118359
-000.06,-000.07,-000.05,,Bsef20m500,2024-03-20 21:46:57.122351
-000.04,-000.08,-000.05,,Bsef20m500,2024-03-20 21:46:57.126348
-000.03,-000.08,-000.04,,Bsef20m500,2024-03-20 21:46:57.131350
-000.02,-000.08,-000.05,,Bsef20m500,2024-03-20 21:46:57.137347
-000.01,-000.08,-000.05,,Bsef20m500,2024-03-20 21:46:57.141348
000.05,-000.11,-000.04,,Bsef20m500,2024-03-20 21:46:57.148444
000.05,-000.11,-000.06,,Bsef20m500,2024-03-20 21:46:57.153441
000.02,-000.08,000.02,,Bsef20m500,2024-03-20 21:46:57.157446
-000.05,-000.05,000.31,,Bsef20m500,2024-03-20 21:46:57.161442
-000.08,-000.20,000.27,,Bsef20m500,2024-03-20 21:46:57.168345
-000.01,-000.41,-000.17,,Bsef20m500,2024-03-20 21:46:57.173337
000.08,-000.44,-000.45,,Bsef20m500,2024-03-20 21:46:57.178429
000.16,-000.34,-000.50,,Bsef20m500,2024-03-20 21:46:57.184530
000.14,-000.17,-000.48,,Bsef20m500,2024-03-20 21:46:57.189087
000.01,-000.01,-000.41,,Bsef20m500,2024-03-20 21:46:57.193085
-000.16,000.06,-000.26,,Bsef20m500,2024-03-20 21:46:57.197085
-000.25,000.02,-000.10,,Bsef20m500,2024-03-20 21:46:57.203842
-000.23,-000.04,-000.01,,Bsef20m500,2024-03-20 21:46:57.207216
-000.14,-000.06,000.06,,Bsef20m500,2024-03-20 21:46:57.212216
-000.05,-000.02,000.13,,Bsef20m500,2024-03-20 21:46:57.222453
-000.05,000.02,000.17,,Bsef20m500,2024-03-20 21:46:57.230531
-000.09,000.02,000.21,,Bsef20m500,2024-03-20 21:46:57.236568
000.03,-000.24,000.50,,Bsef20m500,2024-03-20 21:46:57.249496
000.04,-000.06,000.50,,Bsef20m500,2024-03-20 21:46:57.255555
-000.01,000.05,000.37,,Bsef20m500,2024-03-20 21:46:57.260574
000.04,-000.16,000.03,,Bsef20m500,2024-03-20 21:46:57.273429
000.16,-000.16,-000.10,,Bsef20m500,2024-03-20 21:46:57.277429
000.17,-000.14,-000.09,,Bsef20m500,2024-03-20 21:46:57.282608
000.13,-000.10,-000.00,,Bsef20m500,2024-03-20 21:46:57.290764
000.11,-000.07,000.12,,Bsef20m500,2024-03-20 21:46:57.297267
000.06,-000.08,000.23,,Bsef20m500,2024-03-20 21:46:57.304449
000.00,-000.09,000.28,,Bsef20m500,2024-03-20 21:46:57.309434
-000.01,-000.11,000.26,,Bsef20m500,2024-03-20 21:46:57.314434
000.01,-000.11,000.17,,Bsef20m500,2024-03-20 21:46:57.320627
000.03,-000.11,000.05,,Bsef20m500,2024-03-20 21:46:57.325402
000.04,-000.12,-000.05,,Bsef20m500,2024-03-20 21:46:57.329736
000.03,-000.13,-000.09,,Bsef20m500,2024-03-20 21:46:57.336520
000.02,-000.13,-000.09,,Bsef20m500,2024-03-20 21:46:57.340518
000.01,-000.13,-000.05,,Bsef20m500,2024-03-20 21:46:57.346462
-000.01,-000.14,-000.00,,Bsef20m500,2024-03-20 21:46:57.353036
-000.02,-000.14,000.03,,Bsef20m500,2024-03-20 21:46:57.357035
-000.02,-000.15,000.04,,Bsef20m500,2024-03-20 21:46:57.362436
-000.00,-000.18,000.01,,Bsef20m500,2024-03-20 21:46:57.369479
000.02,-000.20,-000.03,,Bsef20m500,2024-03-20 21:46:57.373480
000.03,-000.21,-000.07,,Bsef20m500,2024-03-20 21:46:57.379478
000.04,-000.22,-000.11,,Bsef20m500,2024-03-20 21:46:57.385998
000.06,-000.22,-000.14,,Bsef20m500,2024-03-20 21:46:57.389477
000.07,-000.20,-000.15,,Bsef20m500,2024-03-20 21:46:57.394479
000.08,-000.18,-000.15,,Bsef20m500,2024-03-20 21:46:57.401914
000.06,-000.15,-000.15,,Bsef20m500,2024-03-20 21:46:57.407910
000.01,-000.13,-000.15,,Bsef20m500,2024-03-20 21:46:57.413994
-000.02,-000.10,-000.16,,Bsef20m500,2024-03-20 21:46:57.420908
-000.05,-000.08,-000.15,,Bsef20m500,2024-03-20 21:46:57.424907
-000.07,-000.05,-000.12,,Bsef20m500,2024-03-20 21:46:57.429908
-000.09,-000.03,-000.09,,Bsef20m500,2024-03-20 21:46:57.436908
-000.11,-000.02,-000.07,,Bsef20m500,2024-03-20 21:46:57.440908
-000.14,000.00,-000.06,,Bsef20m500,2024-03-20 21:46:57.446908
-000.18,000.02,-000.06,,Bsef20m500,2024-03-20 21:46:57.453960
-000.23,000.05,-000.05,,Bsef20m500,2024-03-20 21:46:57.457960
-000.25,000.07,-000.04,,Bsef20m500,2024-03-20 21:46:57.462960
-000.25,000.07,-000.03,,Bsef20m500,2024-03-20 21:46:57.469500
-000.25,000.07,-000.01,,Bsef20m500,2024-03-20 21:46:57.473500
-000.25,000.07,000.01,,Bsef20m500,2024-03-20 21:46:57.478500
-000.23,000.07,000.02,,Bsef20m500,2024-03-20 21:46:57.484522
-000.23,000.07,000.04,,Bsef20m500,2024-03-20 21:46:57.489565
-000.22,000.06,000.05,,Bsef20m500,2024-03-20 21:46:57.493566
-000.20,000.05,000.06,,Bsef20m500,2024-03-20 21:46:57.498567
-000.17,000.06,000.07,,Bsef20m500,2024-03-20 21:46:57.505567
-000.14,000.06,000.06,,Bsef20m500,2024-03-20 21:46:57.512772
-000.12,000.07,000.05,,Bsef20m500,2024-03-20 21:46:57.520567
-000.10,000.07,000.06,,Bsef20m500,2024-03-20 21:46:57.525569
-000.09,000.07,000.08,,Bsef20m500,2024-03-20 21:46:57.622592
-000.08,000.06,000.10,,Bsef20m500,2024-03-20 21:46:57.627592
-000.08,000.05,000.12,,Bsef20m500,2024-03-20 21:46:57.633707
-000.08,-000.00,000.16,,Bsef20m500,2024-03-20 21:46:57.669599
-000.06,-000.07,000.20,,Bsef20m500,2024-03-20 21:46:57.673598
-000.02,-000.12,000.21,,Bsef20m500,2024-03-20 21:46:57.678599
000.02,-000.15,000.20,,Bsef20m500,2024-03-20 21:46:57.685331
000.06,-000.17,000.18,,Bsef20m500,2024-03-20 21:46:57.690023
000.08,-000.18,000.14,,Bsef20m500,2024-03-20 21:46:57.694391
000.08,-000.19,000.09,,Bsef20m500,2024-03-20 21:46:57.701229
000.08,-000.20,000.07,,Bsef20m500,2024-03-20 21:46:57.706227
000.06,-000.22,000.07,,Bsef20m500,2024-03-20 21:46:57.711744
000.06,-000.24,000.04,,Bsef20m500,2024-03-20 21:46:57.717880
000.12,-000.04,-000.09,,Bsef20m500,2024-03-20 21:46:57.722877
000.10,000.35,-000.49,,Bsef20m500,2024-03-20 21:46:57.728881
-000.14,000.35,-000.90,,Bsef20m500,2024-03-20 21:46:57.736361
-000.39,-000.04,-000.86,,Bsef20m500,2024-03-20 21:46:57.740880
-000.42,-000.27,-000.45,,Bsef20m500,2024-03-20 21:46:57.745879
-000.35,-000.34,-000.07,,Bsef20m500,2024-03-20 21:46:57.751564
-000.24,-000.38,000.07,,Bsef20m500,2024-03-20 21:46:57.757558
-000.06,-000.31,000.06,,Bsef20m500,2024-03-20 21:46:57.762592
000.13,-000.14,-000.04,,Bsef20m500,2024-03-20 21:46:57.768676
000.22,-000.05,-000.26,,Bsef20m500,2024-03-20 21:46:57.771676
000.21,-000.09,-000.51,,Bsef20m500,2024-03-20 21:46:57.775676
000.18,-000.21,-000.60,,Bsef20m500,2024-03-20 21:46:57.780675
000.15,-000.37,-000.47,,Bsef20m500,2024-03-20 21:46:57.787677
000.19,-000.48,-000.20,,Bsef20m500,2024-03-20 21:46:57.791677
000.25,-000.51,000.17,,Bsef20m500,2024-03-20 21:46:57.797675
000.27,-000.46,000.44,,Bsef20m500,2024-03-20 21:46:57.803970
000.26,-000.37,000.54,,Bsef20m500,2024-03-20 21:46:57.808457
000.24,-000.30,000.49,,Bsef20m500,2024-03-20 21:46:57.812807
000.20,-000.23,000.30,,Bsef20m500,2024-03-20 21:46:57.819809
000.15,-000.15,000.05,,Bsef20m500,2024-03-20 21:46:57.823808
000.04,-000.05,-000.14,,Bsef20m500,2024-03-20 21:46:57.829405
-000.09,000.04,-000.23,,Bsef20m500,2024-03-20 21:46:57.835808
-000.18,000.11,-000.17,,Bsef20m500,2024-03-20 21:46:57.841838
-000.26,000.15,-000.04,,Bsef20m500,2024-03-20 21:46:57.860225
-000.29,000.18,000.14,,Bsef20m500,2024-03-20 21:46:57.874042
-000.24,000.18,000.35,,Bsef20m500,2024-03-20 21:46:57.886349
-000.22,000.17,000.34,,Bsef20m500,2024-03-20 21:46:57.890930
-000.22,000.17,000.29,,Bsef20m500,2024-03-20 21:46:57.894514
-000.23,000.19,000.13,,Bsef20m500,2024-03-20 21:46:57.904646
-000.23,000.20,000.06,,Bsef20m500,2024-03-20 21:46:57.909646
-000.20,000.16,000.02,,Bsef20m500,2024-03-20 21:46:57.913982
-000.16,000.09,000.01,,Bsef20m500,2024-03-20 21:46:57.919947
-000.11,000.02,000.03,,Bsef20m500,2024-03-20 21:46:57.924947
-000.06,-000.06,000.06,,Bsef20m500,2024-03-20 21:46:57.928947
-000.03,-000.13,000.11,,Bsef20m500,2024-03-20 21:46:57.935686
-000.01,-000.17,000.17,,Bsef20m500,2024-03-20 21:46:57.941688
-000.01,-000.17,000.21,,Bsef20m500,2024-03-20 21:46:57.948396
000.01,-000.17,000.25,,Bsef20m500,2024-03-20 21:46:57.957959
000.01,-000.15,000.28,,Bsef20m500,2024-03-20 21:46:57.963958
-000.01,-000.15,000.28,,Bsef20m500,2024-03-20 21:46:57.971960
-000.02,-000.15,000.26,,Bsef20m500,2024-03-20 21:46:57.977958
-000.00,-000.14,000.21,,Bsef20m500,2024-03-20 21:46:57.985142
000.05,-000.14,000.17,,Bsef20m500,2024-03-20 21:46:57.992076
000.08,-000.17,000.11,,Bsef20m500,2024-03-20 21:46:57.998591
000.11,-000.20,000.06,,Bsef20m500,2024-03-20 21:46:58.004588
000.14,-000.24,000.07,,Bsef20m500,2024-03-20 21:46:58.010588
000.17,-000.27,000.10,,Bsef20m500,2024-03-20 21:46:58.015880
000.18,-000.28,000.14,,Bsef20m500,2024-03-20 21:46:58.023077
000.19,-000.29,000.13,,Bsef20m500,2024-03-20 21:46:58.031082
000.19,-000.30,000.06,,Bsef20m500,2024-03-20 21:46:58.038131
000.19,-000.31,-000.01,,Bsef20m500,2024-03-20 21:46:58.043127
000.18,-000.33,-000.10,,Bsef20m500,2024-03-20 21:46:58.048128
000.17,-000.32,-000.17,,Bsef20m500,2024-03-20 21:46:58.055162
000.16,-000.31,-000.23,,Bsef20m500,2024-03-20 21:46:58.060237
000.14,-000.30,-000.26,,Bsef20m500,2024-03-20 21:46:58.066238
000.12,-000.27,-000.29,,Bsef20m500,2024-03-20 21:46:58.074319
000.11,-000.24,-000.29,,Bsef20m500,2024-03-20 21:46:58.079320
000.11,-000.24,-000.21,,Bsef20m500,2024-03-20 21:46:58.087509
000.08,-000.26,-000.16,,Bsef20m500,2024-03-20 21:46:58.093504
-000.01,-000.24,-000.23,,Bsef20m500,2024-03-20 21:46:58.099506
-000.06,-000.18,-000.37,,Bsef20m500,2024-03-20 21:46:58.107505
-000.07,-000.08,-000.46,,Bsef20m500,2024-03-20 21:46:58.113550
-000.07,000.01,-000.46,,Bsef20m500,2024-03-20 21:46:58.121443
-000.10,000.07,-000.47,,Bsef20m500,2024-03-20 21:46:58.126932
-000.12,000.07,-000.48,,Bsef20m500,2024-03-20 21:46:58.132692
-000.09,000.01,-000.36,,Bsef20m500,2024-03-20 21:46:58.140447
-000.05,-000.03,-000.31,,Bsef20m500,2024-03-20 21:46:58.144881
000.00,-000.07,-000.27,,Bsef20m500,2024-03-20 21:46:58.149445
000.02,-000.10,-000.25,,Bsef20m500,2024-03-20 21:46:58.155443
-000.02,-000.10,-000.22,,Bsef20m500,2024-03-20 21:46:58.159531
-000.01,-000.08,-000.11,,Bsef20m500,2024-03-20 21:46:58.164443
000.05,-000.11,000.03,,Bsef20m500,2024-03-20 21:46:58.172959
000.15,-000.17,-000.11,,Bsef20m500,2024-03-20 21:46:58.180617
000.16,-000.24,-000.24,,Bsef20m500,2024-03-20 21:46:58.186216
000.12,-000.25,-000.16,,Bsef20m500,2024-03-20 21:46:58.189215
000.10,-000.20,-000.05,,Bsef20m500,2024-03-20 21:46:58.196850
000.08,-000.15,-000.04,,Bsef20m500,2024-03-20 21:46:58.202730
000.05,-000.12,-000.02,,Bsef20m500,2024-03-20 21:46:58.207416
000.06,-000.12,000.07,,Bsef20m500,2024-03-20 21:46:58.211442
000.09,-000.12,000.07,,Bsef20m500,2024-03-20 21:46:58.216465
000.07,-000.14,-000.01,,Bsef20m500,2024-03-20 21:46:58.221462
000.01,-000.15,-000.07,,Bsef20m500,2024-03-20 21:46:58.228976
-000.23,000.04,-000.16,,Bsef20m500,2024-03-20 21:46:58.234703
-000.32,000.25,000.00,,Bsef20m500,2024-03-20 21:46:58.238702
000.14,-000.19,000.56,,Bsef20m500,2024-03-20 21:46:58.246700
000.30,-000.57,000.45,,Bsef20m500,2024-03-20 21:46:58.252725
000.40,-000.80,000.21,,Bsef20m500,2024-03-20 21:46:58.257700
000.35,-000.74,-000.05,,Bsef20m500,2024-03-20 21:46:58.261700
000.04,-000.09,-000.34,,Bsef20m500,2024-03-20 21:46:58.271240
000.06,000.10,-000.13,,Bsef20m500,2024-03-20 21:46:58.275243
000.07,000.05,000.12,,Bsef20m500,2024-03-20 21:46:58.280296
000.07,-000.10,000.05,,Bsef20m500,2024-03-20 21:46:58.286294
000.08,-000.25,-000.04,,Bsef20m500,2024-03-20 21:46:58.290294
000.08,-000.31,-000.03,,Bsef20m500,2024-03-20 21:46:58.294495
000.15,-000.26,-000.02,,Bsef20m500,2024-03-20 21:46:58.299385
000.17,-000.21,000.04,,Bsef20m500,2024-03-20 21:46:58.305386
000.10,-000.17,000.03,,Bsef20m500,2024-03-20 21:46:58.309895
000.06,-000.16,000.08,,Bsef20m500,2024-03-20 21:46:58.314383
000.04,-000.17,000.17,,Bsef20m500,2024-03-20 21:46:58.320439
-000.01,-000.17,000.12,,Bsef20m500,2024-03-20 21:46:58.325439
-000.02,-000.15,000.01,,Bsef20m500,2024-03-20 21:46:58.329440
000.02,-000.15,000.03,,Bsef20m500,2024-03-20 21:46:58.335728
-000.00,-000.14,000.12,,Bsef20m500,2024-03-20 21:46:58.339751
000.01,-000.11,-000.08,,Bsef20m500,2024-03-20 21:46:58.351288
000.02,-000.10,-000.02,,Bsef20m500,2024-03-20 21:46:58.356228
000.02,-000.08,-000.00,,Bsef20m500,2024-03-20 21:46:58.363227
000.04,-000.11,000.05,,Bsef20m500,2024-03-20 21:46:58.369867
-000.01,-000.15,000.20,,Bsef20m500,2024-03-20 21:46:58.373863
-000.08,-000.16,000.09,,Bsef20m500,2024-03-20 21:46:58.378862
-000.01,-000.12,-000.23,,Bsef20m500,2024-03-20 21:46:58.384863
000.07,-000.07,-000.24,,Bsef20m500,2024-03-20 21:46:58.388878
000.04,-000.04,-000.05,,Bsef20m500,2024-03-20 21:46:58.395863
000.00,-000.08,-000.07,,Bsef20m500,2024-03-20 21:46:58.401863
000.03,-000.13,-000.35,,Bsef20m500,2024-03-20 21:46:58.406863
000.06,-000.12,-000.55,,Bsef20m500,2024-03-20 21:46:58.414579
000.15,-000.10,-000.21,,Bsef20m500,2024-03-20 21:46:58.424697
000.18,-000.14,-000.15,,Bsef20m500,2024-03-20 21:46:58.429677
000.18,-000.19,-000.08,,Bsef20m500,2024-03-20 21:46:58.435684
000.09,-000.22,000.03,,Bsef20m500,2024-03-20 21:46:58.440679
000.02,-000.21,000.03,,Bsef20m500,2024-03-20 21:46:58.445677
000.03,-000.15,-000.01,,Bsef20m500,2024-03-20 21:46:58.451710
000.03,-000.09,000.07,,Bsef20m500,2024-03-20 21:46:58.456724
000.07,-000.09,000.21,,Bsef20m500,2024-03-20 21:46:58.460705
000.08,-000.09,000.31,,Bsef20m500,2024-03-20 21:46:58.466031
-000.02,-000.08,000.21,,Bsef20m500,2024-03-20 21:46:58.471127
-000.08,-000.06,000.07,,Bsef20m500,2024-03-20 21:46:58.476130
-000.10,-000.02,000.08,,Bsef20m500,2024-03-20 21:46:58.481346
-000.30,000.07,000.12,,Bsef20m500,2024-03-20 21:46:58.490535
-000.28,000.10,-000.05,,Bsef20m500,2024-03-20 21:46:58.494533
-000.16,000.12,-000.11,,Bsef20m500,2024-03-20 21:46:58.499535
-000.11,000.12,000.06,,Bsef20m500,2024-03-20 21:46:58.504534
-000.13,000.06,000.18,,Bsef20m500,2024-03-20 21:46:58.512963
-000.14,-000.02,000.15,,Bsef20m500,2024-03-20 21:46:58.517963
-000.08,-000.06,000.03,,Bsef20m500,2024-03-20 21:46:58.522960
-000.03,-000.10,-000.03,,Bsef20m500,2024-03-20 21:46:58.530960
-000.02,-000.13,-000.03,,Bsef20m500,2024-03-20 21:46:58.536926
000.01,-000.11,-000.06,,Bsef20m500,2024-03-20 21:46:58.540926
000.01,-000.07,-000.10,,Bsef20m500,2024-03-20 21:46:58.545927
-000.01,-000.03,-000.10,,Bsef20m500,2024-03-20 21:46:58.550931
-000.04,-000.07,-000.07,,Bsef20m500,2024-03-20 21:46:58.559930
-000.10,-000.04,-000.04,,Bsef20m500,2024-03-20 21:46:58.564927
-000.17,000.03,-000.00,,Bsef20m500,2024-03-20 21:46:58.571244
-000.20,000.09,000.07,,Bsef20m500,2024-03-20 21:46:58.575466
-000.14,000.13,000.16,,Bsef20m500,2024-03-20 21:46:58.579447
-000.09,000.14,000.23,,Bsef20m500,2024-03-20 21:46:58.585679
-000.13,000.14,000.28,,Bsef20m500,2024-03-20 21:46:58.590672
-000.24,000.12,000.27,,Bsef20m500,2024-03-20 21:46:58.595655
-000.28,000.07,000.25,,Bsef20m500,2024-03-20 21:46:58.600858
-000.26,000.04,000.22,,Bsef20m500,2024-03-20 21:46:58.605678
-000.21,000.05,000.21,,Bsef20m500,2024-03-20 21:46:58.610672
-000.18,000.09,000.20,,Bsef20m500,2024-03-20 21:46:58.615671
-000.19,000.14,000.17,,Bsef20m500,2024-03-20 21:46:58.624671
-000.19,000.13,000.13,,Bsef20m500,2024-03-20 21:46:58.629670
-000.19,000.11,000.14,,Bsef20m500,2024-03-20 21:46:58.635727
-000.20,000.10,000.17,,Bsef20m500,2024-03-20 21:46:58.640721
-000.22,000.11,000.14,,Bsef20m500,2024-03-20 21:46:58.644718
-000.18,000.12,000.11,,Bsef20m500,2024-03-20 21:46:58.649720
-000.13,000.11,000.10,,Bsef20m500,2024-03-20 21:46:58.654719
-000.13,000.09,000.07,,Bsef20m500,2024-03-20 21:46:58.659719
-000.16,000.09,000.02,,Bsef20m500,2024-03-20 21:46:58.663719
-000.18,000.11,000.01,,Bsef20m500,2024-03-20 21:46:58.671108
-000.21,000.15,-000.00,,Bsef20m500,2024-03-20 21:46:58.676110
-000.17,000.14,-000.12,,Bsef20m500,2024-03-20 21:46:58.686109
-000.19,000.12,-000.07,,Bsef20m500,2024-03-20 21:46:58.690109
-000.19,000.09,-000.00,,Bsef20m500,2024-03-20 21:46:58.694106
-000.15,000.06,-000.01,,Bsef20m500,2024-03-20 21:46:58.699107
-000.13,000.05,-000.04,,Bsef20m500,2024-03-20 21:46:58.704174
-000.13,000.03,-000.00,,Bsef20m500,2024-03-20 21:46:58.709106
-000.12,000.00,000.05,,Bsef20m500,2024-03-20 21:46:58.713214
-000.12,000.03,000.01,,Bsef20m500,2024-03-20 21:46:58.719470
-000.08,000.05,-000.06,,Bsef20m500,2024-03-20 21:46:58.724468
-000.04,000.05,-000.13,,Bsef20m500,2024-03-20 21:46:58.728502
-000.09,000.05,-000.20,,Bsef20m500,2024-03-20 21:46:58.735350
-000.15,000.04,-000.17,,Bsef20m500,2024-03-20 21:46:58.739943
-000.24,000.07,-000.06,,Bsef20m500,2024-03-20 21:46:58.743942
-000.25,000.09,-000.04,,Bsef20m500,2024-03-20 21:46:58.748943
-000.16,000.07,-000.07,,Bsef20m500,2024-03-20 21:46:58.754943
-000.13,000.07,-000.12,,Bsef20m500,2024-03-20 21:46:58.759943
-000.13,000.04,-000.21,,Bsef20m500,2024-03-20 21:46:58.763917
-000.14,000.03,-000.19,,Bsef20m500,2024-03-20 21:46:58.770519
-000.16,000.03,-000.18,,Bsef20m500,2024-03-20 21:46:58.774518
-000.12,-000.01,-000.13,,Bsef20m500,2024-03-20 21:46:58.782585
-000.11,-000.02,-000.16,,Bsef20m500,2024-03-20 21:46:58.788585
-000.08,-000.03,-000.15,,Bsef20m500,2024-03-20 21:46:58.794027
-000.07,-000.04,-000.12,,Bsef20m500,2024-03-20 21:46:58.798640
-000.09,-000.05,-000.07,,Bsef20m500,2024-03-20 21:46:58.804639
-000.10,-000.05,-000.02,,Bsef20m500,2024-03-20 21:46:58.809722
-000.09,-000.04,000.00,,Bsef20m500,2024-03-20 21:46:58.815719
-000.10,-000.05,000.05,,Bsef20m500,2024-03-20 21:46:58.821001
-000.12,-000.08,000.07,,Bsef20m500,2024-03-20 21:46:58.826001
-000.11,-000.11,000.08,,Bsef20m500,2024-03-20 21:46:58.830001
-000.14,-000.09,-000.00,,Bsef20m500,2024-03-20 21:46:58.836062
-000.19,000.00,-000.09,,Bsef20m500,2024-03-20 21:46:58.841000
-000.14,000.08,000.02,,Bsef20m500,2024-03-20 21:46:58.845003
-000.09,000.09,000.13,,Bsef20m500,2024-03-20 21:46:58.850005
-000.15,000.06,000.01,,Bsef20m500,2024-03-20 21:46:58.858447
-000.14,000.03,-000.03,,Bsef20m500,2024-03-20 21:46:58.862001
-000.12,000.01,000.04,,Bsef20m500,2024-03-20 21:46:58.867461
-000.13,000.03,000.07,,Bsef20m500,2024-03-20 21:46:58.873459
-000.18,000.08,000.01,,Bsef20m500,2024-03-20 21:46:58.878534
-000.16,000.08,-000.01,,Bsef20m500,2024-03-20 21:46:58.884095
-000.10,000.05,000.01,,Bsef20m500,2024-03-20 21:46:58.889535
-000.07,000.01,-000.01,,Bsef20m500,2024-03-20 21:46:58.895538
-000.05,-000.02,-000.06,,Bsef20m500,2024-03-20 21:46:58.900646
-000.02,-000.05,-000.11,,Bsef20m500,2024-03-20 21:46:58.905669
-000.01,-000.09,-000.10,,Bsef20m500,2024-03-20 21:46:58.913189
-000.02,-000.09,-000.05,,Bsef20m500,2024-03-20 21:46:58.918027
-000.01,-000.08,-000.01,,Bsef20m500,2024-03-20 21:46:58.923102
000.03,-000.10,-000.07,,Bsef20m500,2024-03-20 21:46:58.934814
-000.03,-000.09,-000.08,,Bsef20m500,2024-03-20 21:46:58.940102
-000.10,-000.08,-000.04,,Bsef20m500,2024-03-20 21:46:58.944103
-000.10,-000.06,000.05,,Bsef20m500,2024-03-20 21:46:58.979578
-000.13,-000.06,000.05,,Bsef20m500,2024-03-20 21:46:58.988581
-000.22,-000.04,000.02,,Bsef20m500,2024-03-20 21:46:58.993579
-000.17,-000.02,-000.03,,Bsef20m500,2024-03-20 21:46:58.998580
000.02,-000.05,-000.14,,Bsef20m500,2024-03-20 21:46:59.005580
000.18,-000.13,-000.27,,Bsef20m500,2024-03-20 21:46:59.010582
000.21,-000.20,-000.33,,Bsef20m500,2024-03-20 21:46:59.015580
000.17,-000.22,-000.30,,Bsef20m500,2024-03-20 21:46:59.022619
000.14,-000.21,-000.27,,Bsef20m500,2024-03-20 21:46:59.025619
000.13,-000.22,-000.20,,Bsef20m500,2024-03-20 21:46:59.029622
000.09,-000.21,-000.13,,Bsef20m500,2024-03-20 21:46:59.036619
000.01,-000.16,-000.06,,Bsef20m500,2024-03-20 21:46:59.040620
-000.03,-000.08,-000.05,,Bsef20m500,2024-03-20 21:46:59.048199
000.02,-000.06,-000.10,,Bsef20m500,2024-03-20 21:46:59.054198
000.05,-000.10,-000.17,,Bsef20m500,2024-03-20 21:46:59.061165
000.01,-000.10,-000.16,,Bsef20m500,2024-03-20 21:46:59.065167
-000.02,-000.10,-000.13,,Bsef20m500,2024-03-20 21:46:59.071982
-000.03,-000.07,-000.07,,Bsef20m500,2024-03-20 21:46:59.076384
-000.11,-000.03,-000.02,,Bsef20m500,2024-03-20 21:46:59.081365
-000.10,-000.02,-000.00,,Bsef20m500,2024-03-20 21:46:59.087455
-000.02,-000.01,000.06,,Bsef20m500,2024-03-20 21:46:59.094750
-000.07,000.03,000.10,,Bsef20m500,2024-03-20 21:46:59.100501
-000.14,000.04,000.08,,Bsef20m500,2024-03-20 21:46:59.105492
-000.16,000.05,000.06,,Bsef20m500,2024-03-20 21:46:59.113031
-000.40,000.29,-000.08,,Bsef20m500,2024-03-20 21:46:59.124769
-000.48,000.48,-000.22,,Bsef20m500,2024-03-20 21:46:59.129786
-000.26,000.43,000.06,,Bsef20m500,2024-03-20 21:46:59.135970
-000.11,000.15,000.54,,Bsef20m500,2024-03-20 21:46:59.143424
-000.16,-000.16,000.80,,Bsef20m500,2024-03-20 21:46:59.149395
-000.05,-000.39,000.67,,Bsef20m500,2024-03-20 21:46:59.155654
000.12,-000.39,000.21,,Bsef20m500,2024-03-20 21:46:59.161653
000.09,-000.15,-000.20,,Bsef20m500,2024-03-20 21:46:59.169658
-000.07,000.13,-000.32,,Bsef20m500,2024-03-20 21:46:59.175708
-000.21,000.31,-000.23,,Bsef20m500,2024-03-20 21:46:59.185716
-000.26,000.37,-000.00,,Bsef20m500,2024-03-20 21:46:59.190761
-000.24,000.30,000.25,,Bsef20m500,2024-03-20 21:46:59.198822
-000.23,000.15,000.40,,Bsef20m500,2024-03-20 21:46:59.206820
-000.20,000.01,000.42,,Bsef20m500,2024-03-20 21:46:59.211819
-000.14,-000.02,000.29,,Bsef20m500,2024-03-20 21:46:59.223009
-000.07,000.01,000.22,,Bsef20m500,2024-03-20 21:46:59.232041
-000.07,000.04,000.15,,Bsef20m500,2024-03-20 21:46:59.239105
-000.12,000.08,000.12,,Bsef20m500,2024-03-20 21:46:59.245816
-000.17,000.12,000.17,,Bsef20m500,2024-03-20 21:46:59.254261
-000.21,000.14,000.22,,Bsef20m500,2024-03-20 21:46:59.259334
-000.23,000.15,000.24,,Bsef20m500,2024-03-20 21:46:59.265534
-000.21,000.14,000.21,,Bsef20m500,2024-03-20 21:46:59.272477
-000.26,000.13,000.15,,Bsef20m500,2024-03-20 21:46:59.277417
-000.28,000.10,000.11,,Bsef20m500,2024-03-20 21:46:59.284692
-000.20,000.07,000.14,,Bsef20m500,2024-03-20 21:46:59.291417
-000.14,000.03,000.14,,Bsef20m500,2024-03-20 21:46:59.297418
-000.13,000.01,000.11,,Bsef20m500,2024-03-20 21:46:59.303939
-000.14,-000.01,000.12,,Bsef20m500,2024-03-20 21:46:59.309983
-000.16,-000.01,000.17,,Bsef20m500,2024-03-20 21:46:59.320988
-000.15,-000.02,000.15,,Bsef20m500,2024-03-20 21:46:59.327985
-000.14,-000.04,000.10,,Bsef20m500,2024-03-20 21:46:59.335236
-000.14,-000.05,000.06,,Bsef20m500,2024-03-20 21:46:59.341297
-000.15,-000.04,000.02,,Bsef20m500,2024-03-20 21:46:59.351640
-000.16,-000.03,-000.04,,Bsef20m500,2024-03-20 21:46:59.359769
-000.15,-000.02,-000.09,,Bsef20m500,2024-03-20 21:46:59.364767
-000.12,-000.03,-000.12,,Bsef20m500,2024-03-20 21:46:59.370767
-000.11,-000.05,-000.15,,Bsef20m500,2024-03-20 21:46:59.378139
-000.11,-000.06,-000.15,,Bsef20m500,2024-03-20 21:46:59.382799
-000.12,-000.07,-000.18,,Bsef20m500,2024-03-20 21:46:59.391189
-000.09,-000.06,-000.20,,Bsef20m500,2024-03-20 21:46:59.394895
-000.05,-000.07,-000.20,,Bsef20m500,2024-03-20 21:46:59.400427
-000.00,-000.09,-000.24,,Bsef20m500,2024-03-20 21:46:59.405893
000.01,-000.12,-000.24,,Bsef20m500,2024-03-20 21:46:59.409892
-000.04,-000.13,-000.25,,Bsef20m500,2024-03-20 21:46:59.413895
-000.03,-000.13,-000.31,,Bsef20m500,2024-03-20 21:46:59.420892
-000.01,-000.11,-000.25,,Bsef20m500,2024-03-20 21:46:59.424892
-000.07,-000.09,-000.20,,Bsef20m500,2024-03-20 21:46:59.428891
-000.09,-000.09,-000.31,,Bsef20m500,2024-03-20 21:46:59.435013
-000.04,-000.12,-000.28,,Bsef20m500,2024-03-20 21:46:59.440001
-000.07,-000.12,-000.16,,Bsef20m500,2024-03-20 21:46:59.447005
-000.09,-000.11,-000.14,,Bsef20m500,2024-03-20 21:46:59.454004
-000.11,-000.10,-000.12,,Bsef20m500,2024-03-20 21:46:59.459005
-000.11,-000.12,-000.12,,Bsef20m500,2024-03-20 21:46:59.463962
-000.11,-000.14,-000.15,,Bsef20m500,2024-03-20 21:46:59.470003
-000.12,-000.14,-000.17,,Bsef20m500,2024-03-20 21:46:59.474004
-000.10,-000.13,-000.16,,Bsef20m500,2024-03-20 21:46:59.481003
-000.08,-000.13,-000.13,,Bsef20m500,2024-03-20 21:46:59.487002
-000.04,-000.15,-000.16,,Bsef20m500,2024-03-20 21:46:59.491001
000.01,-000.19,-000.22,,Bsef20m500,2024-03-20 21:46:59.498061
000.11,-000.23,-000.24,,Bsef20m500,2024-03-20 21:46:59.504065
000.21,-000.24,-000.28,,Bsef20m500,2024-03-20 21:46:59.509058
000.20,-000.26,-000.30,,Bsef20m500,2024-03-20 21:46:59.513058
000.17,-000.27,-000.25,,Bsef20m500,2024-03-20 21:46:59.519238
000.16,-000.28,-000.19,,Bsef20m500,2024-03-20 21:46:59.523228
000.15,-000.29,-000.16,,Bsef20m500,2024-03-20 21:46:59.528231
000.18,-000.26,-000.20,,Bsef20m500,2024-03-20 21:46:59.537230
000.16,-000.22,-000.23,,Bsef20m500,2024-03-20 21:46:59.542292
000.19,-000.18,-000.17,,Bsef20m500,2024-03-20 21:46:59.548393
000.23,-000.16,-000.06,,Bsef20m500,2024-03-20 21:46:59.554391
000.16,-000.16,000.00,,Bsef20m500,2024-03-20 21:46:59.558391
000.09,-000.17,000.02,,Bsef20m500,2024-03-20 21:46:59.562396
000.07,-000.16,000.01,,Bsef20m500,2024-03-20 21:46:59.568397
000.08,-000.17,000.03,,Bsef20m500,2024-03-20 21:46:59.574393
000.07,-000.18,000.04,,Bsef20m500,2024-03-20 21:46:59.579392
000.06,-000.19,000.03,,Bsef20m500,2024-03-20 21:46:59.585478
000.05,-000.20,000.05,,Bsef20m500,2024-03-20 21:46:59.590474
000.03,-000.20,000.04,,Bsef20m500,2024-03-20 21:46:59.594474
000.04,-000.17,000.08,,Bsef20m500,2024-03-20 21:46:59.600542
000.03,-000.13,000.12,,Bsef20m500,2024-03-20 21:46:59.605536
000.00,-000.12,000.06,,Bsef20m500,2024-03-20 21:46:59.612657
000.02,-000.11,000.00,,Bsef20m500,2024-03-20 21:46:59.618420
000.05,-000.11,-000.03,,Bsef20m500,2024-03-20 21:46:59.622895
000.12,-000.16,-000.10,,Bsef20m500,2024-03-20 21:46:59.630602
000.14,-000.18,-000.09,,Bsef20m500,2024-03-20 21:46:59.636502
000.16,-000.19,-000.07,,Bsef20m500,2024-03-20 21:46:59.640501
000.18,-000.22,-000.07,,Bsef20m500,2024-03-20 21:46:59.645503
000.17,-000.26,-000.10,,Bsef20m500,2024-03-20 21:46:59.651033
000.17,-000.27,-000.11,,Bsef20m500,2024-03-20 21:46:59.656619
000.24,-000.27,-000.09,,Bsef20m500,2024-03-20 21:46:59.662613
000.25,-000.27,-000.01,,Bsef20m500,2024-03-20 21:46:59.668302
000.11,-000.25,000.03,,Bsef20m500,2024-03-20 21:46:59.673315
000.00,-000.18,-000.02,,Bsef20m500,2024-03-20 21:46:59.677315
000.03,-000.14,-000.04,,Bsef20m500,2024-03-20 21:46:59.681316
000.07,-000.14,-000.02,,Bsef20m500,2024-03-20 21:46:59.687447
000.09,-000.12,-000.01,,Bsef20m500,2024-03-20 21:46:59.692503
000.10,-000.11,-000.04,,Bsef20m500,2024-03-20 21:46:59.697506
000.08,-000.12,-000.05,,Bsef20m500,2024-03-20 21:46:59.703502
000.02,-000.12,-000.06,,Bsef20m500,2024-03-20 21:46:59.708506
000.03,-000.10,-000.04,,Bsef20m500,2024-03-20 21:46:59.715503
000.09,-000.08,000.07,,Bsef20m500,2024-03-20 21:46:59.721503
000.07,-000.07,000.09,,Bsef20m500,2024-03-20 21:46:59.725854
000.01,-000.07,000.00,,Bsef20m500,2024-03-20 21:46:59.730652
-000.03,-000.04,-000.07,,Bsef20m500,2024-03-20 21:46:59.738503
-000.02,-000.02,-000.13,,Bsef20m500,2024-03-20 21:46:59.746294
-000.01,-000.03,-000.16,,Bsef20m500,2024-03-20 21:46:59.752032
-000.02,-000.04,-000.15,,Bsef20m500,2024-03-20 21:46:59.756032
-000.01,-000.04,-000.16,,Bsef20m500,2024-03-20 21:46:59.763491
000.04,-000.04,-000.12,,Bsef20m500,2024-03-20 21:46:59.770334
000.03,-000.04,-000.09,,Bsef20m500,2024-03-20 21:46:59.776327
-000.03,-000.04,-000.11,,Bsef20m500,2024-03-20 21:46:59.781331
-000.06,-000.02,-000.09,,Bsef20m500,2024-03-20 21:46:59.787328
-000.06,-000.01,-000.06,,Bsef20m500,2024-03-20 21:46:59.793328
-000.08,-000.01,-000.07,,Bsef20m500,2024-03-20 21:46:59.800657
000.00,000.03,-000.10,,Bsef20m500,2024-03-20 21:46:59.812187
000.00,000.02,-000.07,,Bsef20m500,2024-03-20 21:46:59.820170
-000.08,000.01,-000.11,,Bsef20m500,2024-03-20 21:46:59.825200
-000.11,000.01,-000.15,,Bsef20m500,2024-03-20 21:46:59.829200
-000.07,000.02,-000.10,,Bsef20m500,2024-03-20 21:46:59.835230
-000.06,-000.01,-000.04,,Bsef20m500,2024-03-20 21:46:59.839239
-000.08,-000.05,-000.07,,Bsef20m500,2024-03-20 21:46:59.847276
-000.06,-000.06,-000.02,,Bsef20m500,2024-03-20 21:46:59.854271
-000.05,-000.08,000.08,,Bsef20m500,2024-03-20 21:46:59.864373
-000.14,-000.10,000.08,,Bsef20m500,2024-03-20 21:46:59.871886
-000.14,-000.08,000.07,,Bsef20m500,2024-03-20 21:46:59.878263
-000.04,-000.19,-000.50,,Bsef20m500,2024-03-20 21:46:59.890754
-000.13,000.34,-000.60,,Bsef20m500,2024-03-20 21:46:59.896823
-000.17,000.69,-000.56,,Bsef20m500,2024-03-20 21:46:59.904726
-000.26,000.59,-000.57,,Bsef20m500,2024-03-20 21:46:59.911808
-000.28,000.43,-000.59,,Bsef20m500,2024-03-20 21:46:59.919591
-000.30,000.35,-000.68,,Bsef20m500,2024-03-20 21:46:59.924584
-000.32,000.35,-000.74,,Bsef20m500,2024-03-20 21:46:59.929582
-000.38,000.40,-000.72,,Bsef20m500,2024-03-20 21:46:59.937875
-000.51,000.55,-000.68,,Bsef20m500,2024-03-20 21:46:59.943449
-000.63,000.66,-000.60,,Bsef20m500,2024-03-20 21:46:59.947876
-000.68,000.37,-000.49,,Bsef20m500,2024-03-20 21:46:59.954950
-000.54,-000.27,-000.36,,Bsef20m500,2024-03-20 21:46:59.961950
-000.01,-000.79,-000.16,,Bsef20m500,2024-03-20 21:46:59.969124
000.65,-000.92,000.13,,Bsef20m500,2024-03-20 21:46:59.976612
001.03,-000.77,000.41,,Bsef20m500,2024-03-20 21:46:59.982171
001.07,-000.63,000.58,,Bsef20m500,2024-03-20 21:46:59.988434
000.97,-000.71,000.71,,Bsef20m500,2024-03-20 21:46:59.993229
000.92,-000.90,000.79,,Bsef20m500,2024-03-20 21:46:59.998227
000.93,-000.96,000.71,,Bsef20m500,2024-03-20 21:47:00.005228
000.95,-000.76,000.49,,Bsef20m500,2024-03-20 21:47:00.019249
000.81,-000.41,000.33,,Bsef20m500,2024-03-20 21:47:00.026311
000.49,-000.14,000.22,,Bsef20m500,2024-03-20 21:47:00.040605
000.14,-000.06,000.19,,Bsef20m500,2024-03-20 21:47:00.047573
-000.16,-000.04,000.23,,Bsef20m500,2024-03-20 21:47:00.057255
-000.48,000.08,000.27,,Bsef20m500,2024-03-20 21:47:00.069062
-000.80,000.34,000.21,,Bsef20m500,2024-03-20 21:47:00.077793
-001.06,000.83,000.04,,Bsef20m500,2024-03-20 21:47:00.094210
-000.97,000.92,000.03,,Bsef20m500,2024-03-20 21:47:00.107346
-000.76,000.85,000.10,,Bsef20m500,2024-03-20 21:47:00.113417
-000.63,000.64,000.04,,Bsef20m500,2024-03-20 21:47:00.123417
-000.53,000.41,-000.11,,Bsef20m500,2024-03-20 21:47:00.136480
-000.33,000.21,-000.05,,Bsef20m500,2024-03-20 21:47:00.146520
-000.12,000.05,000.07,,Bsef20m500,2024-03-20 21:47:00.158950
-000.06,-000.04,000.03,,Bsef20m500,2024-03-20 21:47:00.171209
-000.07,-000.07,-000.03,,Bsef20m500,2024-03-20 21:47:00.182635
-000.09,-000.05,000.09,,Bsef20m500,2024-03-20 21:47:00.189633
-000.13,-000.01,000.15,,Bsef20m500,2024-03-20 21:47:00.197676
-000.04,000.06,000.08,,Bsef20m500,2024-03-20 21:47:00.208123
-000.08,000.05,000.08,,Bsef20m500,2024-03-20 21:47:00.212122
-000.14,000.03,000.01,,Bsef20m500,2024-03-20 21:47:00.220563
-000.11,000.01,-000.05,,Bsef20m500,2024-03-20 21:47:00.225878
-000.07,-000.04,-000.07,,Bsef20m500,2024-03-20 21:47:00.231874
-000.08,-000.07,-000.13,,Bsef20m500,2024-03-20 21:47:00.239008
-000.10,-000.07,-000.13,,Bsef20m500,2024-03-20 21:47:00.245971
-000.10,-000.08,-000.04,,Bsef20m500,2024-03-20 21:47:00.252602
-000.10,-000.10,000.00,,Bsef20m500,2024-03-20 21:47:00.259722
-000.06,-000.11,000.01,,Bsef20m500,2024-03-20 21:47:00.267140
000.03,-000.13,000.05,,Bsef20m500,2024-03-20 21:47:00.274471
000.13,-000.16,-000.01,,Bsef20m500,2024-03-20 21:47:00.289052
000.17,-000.18,-000.02,,Bsef20m500,2024-03-20 21:47:00.295051
000.20,-000.20,-000.03,,Bsef20m500,2024-03-20 21:47:00.303142
000.23,-000.21,-000.06,,Bsef20m500,2024-03-20 21:47:00.313144
000.27,-000.21,-000.04,,Bsef20m500,2024-03-20 21:47:00.320140
000.27,-000.21,-000.02,,Bsef20m500,2024-03-20 21:47:00.329574
000.24,-000.21,-000.05,,Bsef20m500,2024-03-20 21:47:00.337903
000.20,-000.23,-000.06,,Bsef20m500,2024-03-20 21:47:00.344902
000.22,-000.24,-000.07,,Bsef20m500,2024-03-20 21:47:00.353482
000.27,-000.24,-000.05,,Bsef20m500,2024-03-20 21:47:00.366030
000.25,-000.23,-000.11,,Bsef20m500,2024-03-20 21:47:00.389041
000.19,-000.24,-000.21,,Bsef20m500,2024-03-20 21:47:00.404099
000.20,-000.24,-000.19,,Bsef20m500,2024-03-20 21:47:00.410388
000.20,-000.24,-000.17,,Bsef20m500,2024-03-20 21:47:00.422467
000.18,-000.24,-000.14,,Bsef20m500,2024-03-20 21:47:00.429563
000.15,-000.24,-000.15,,Bsef20m500,2024-03-20 21:47:00.441432
000.15,-000.23,-000.15,,Bsef20m500,2024-03-20 21:47:00.446966
000.11,-000.22,-000.20,,Bsef20m500,2024-03-20 21:47:00.457501
000.10,-000.21,-000.23,,Bsef20m500,2024-03-20 21:47:00.470969
000.13,-000.19,-000.19,,Bsef20m500,2024-03-20 21:47:00.479313
000.16,-000.19,-000.20,,Bsef20m500,2024-03-20 21:47:00.487379
000.17,-000.20,-000.19,,Bsef20m500,2024-03-20 21:47:00.494837
000.17,-000.24,-000.18,,Bsef20m500,2024-03-20 21:47:00.503834
000.20,-000.29,-000.17,,Bsef20m500,2024-03-20 21:47:00.512973
000.22,-000.34,-000.17,,Bsef20m500,2024-03-20 21:47:00.521078
000.33,-000.35,-000.27,,Bsef20m500,2024-03-20 21:47:00.540979
000.38,-000.35,-000.14,,Bsef20m500,2024-03-20 21:47:00.547308
000.38,-000.36,-000.11,,Bsef20m500,2024-03-20 21:47:00.555122
000.39,-000.38,-000.21,,Bsef20m500,2024-03-20 21:47:00.561776
000.37,-000.42,-000.33,,Bsef20m500,2024-03-20 21:47:00.568293
000.34,-000.40,-000.37,,Bsef20m500,2024-03-20 21:47:00.575271
000.28,-000.34,-000.33,,Bsef20m500,2024-03-20 21:47:00.580268
000.19,-000.26,-000.30,,Bsef20m500,2024-03-20 21:47:00.585272
000.17,-000.20,-000.20,,Bsef20m500,2024-03-20 21:47:00.591272
000.18,-000.18,-000.07,,Bsef20m500,2024-03-20 21:47:00.596405
000.19,-000.19,-000.08,,Bsef20m500,2024-03-20 21:47:00.602544
000.14,-000.21,-000.13,,Bsef20m500,2024-03-20 21:47:00.607308
000.09,-000.21,-000.09,,Bsef20m500,2024-03-20 21:47:00.611306
000.06,-000.20,-000.05,,Bsef20m500,2024-03-20 21:47:00.615306
000.06,-000.17,-000.04,,Bsef20m500,2024-03-20 21:47:00.621865
000.07,-000.15,-000.05,,Bsef20m500,2024-03-20 21:47:00.625306
000.06,-000.11,-000.07,,Bsef20m500,2024-03-20 21:47:00.629306
000.03,-000.09,-000.04,,Bsef20m500,2024-03-20 21:47:00.636610
000.04,-000.09,-000.07,,Bsef20m500,2024-03-20 21:47:00.640305
000.07,-000.11,-000.14,,Bsef20m500,2024-03-20 21:47:00.645306
