129.04,-013.59,-108.99,,Bsef20m500,2024-03-20 21:46:51.272494
129.05,-013.59,-109.01,,Bsef20m500,2024-03-20 21:46:51.273489
128.98,-013.59,-109.03,,Bsef20m500,2024-03-20 21:46:51.276488
129.00,-013.59,-109.06,,Bsef20m500,2024-03-20 21:46:51.279492
129.02,-013.59,-109.08,,Bsef20m500,2024-03-20 21:46:51.280763
129.04,-013.59,-109.10,,Bsef20m500,2024-03-20 21:46:51.284493
128.96,-013.59,-109.13,,Bsef20m500,2024-03-20 21:46:51.287438
128.99,-013.59,-109.16,,Bsef20m500,2024-03-20 21:46:51.290488
129.01,-013.59,-109.18,,Bsef20m500,2024-03-20 21:46:51.292988
129.04,-013.59,-109.21,,Bsef20m500,2024-03-20 21:46:51.297489
129.07,-013.59,-109.23,,Bsef20m500,2024-03-20 21:46:51.301490
128.99,-013.59,-109.24,,Bsef20m500,2024-03-20 21:46:51.306488
129.02,-013.60,-109.25,,Bsef20m500,2024-03-20 21:46:51.310490
129.05,-013.60,-109.26,,Bsef20m500,2024-03-20 21:46:51.314178
129.08,-013.60,-109.27,,Bsef20m500,2024-03-20 21:46:51.319178
129.00,-013.61,-109.28,,Bsef20m500,2024-03-20 21:46:51.320178
129.03,-013.61,-109.28,,Bsef20m500,2024-03-20 21:46:51.324177
129.06,-013.61,-109.29,,Bsef20m500,2024-03-20 21:46:51.341553
129.09,-013.62,-109.30,,Bsef20m500,2024-03-20 21:46:51.345552
129.01,-013.62,-109.31,,Bsef20m500,2024-03-20 21:46:51.360035
129.04,-013.62,-109.32,,Bsef20m500,2024-03-20 21:46:51.366555
129.06,-013.62,-109.32,,Bsef20m500,2024-03-20 21:46:51.371656
129.09,-013.61,-109.33,,Bsef20m500,2024-03-20 21:46:51.376662
129.02,-013.61,-109.33,,Bsef20m500,2024-03-20 21:46:51.380760
129.05,-013.62,-109.33,,Bsef20m500,2024-03-20 21:46:51.387391
129.07,-013.62,-109.32,,Bsef20m500,2024-03-20 21:46:51.389439
129.10,-013.63,-109.32,,Bsef20m500,2024-03-20 21:46:51.393441
129.13,-013.64,-109.31,,Bsef20m500,2024-03-20 21:46:51.398443
129.06,-013.64,-109.30,,Bsef20m500,2024-03-20 21:46:51.403626
129.09,-013.65,-109.30,,Bsef20m500,2024-03-20 21:46:51.404622
129.11,-013.66,-109.30,,Bsef20m500,2024-03-20 21:46:51.408626
129.14,-013.66,-109.30,,Bsef20m500,2024-03-20 21:46:51.412624
129.07,-013.67,-109.31,,Bsef20m500,2024-03-20 21:46:51.419728
129.10,-013.68,-109.31,,Bsef20m500,2024-03-20 21:46:51.423729
129.14,-013.68,-109.32,,Bsef20m500,2024-03-20 21:46:51.426848
129.17,-013.69,-109.32,,Bsef20m500,2024-03-20 21:46:51.431730
129.10,-013.69,-109.33,,Bsef20m500,2024-03-20 21:46:51.438114
129.13,-013.69,-109.33,,Bsef20m500,2024-03-20 21:46:51.443115
129.16,-013.69,-109.33,,Bsef20m500,2024-03-20 21:46:51.448324
129.19,-013.69,-109.32,,Bsef20m500,2024-03-20 21:46:51.454535
129.12,-013.69,-109.31,,Bsef20m500,2024-03-20 21:46:51.459535
129.14,-013.69,-109.30,,Bsef20m500,2024-03-20 21:46:51.464534
129.15,-013.68,-109.29,,Bsef20m500,2024-03-20 21:46:51.466760
129.17,-013.68,-109.28,,Bsef20m500,2024-03-20 21:46:51.468983
129.18,-013.68,-109.27,,Bsef20m500,2024-03-20 21:46:51.472980
129.09,-013.67,-109.26,,Bsef20m500,2024-03-20 21:46:51.473981
129.10,-013.67,-109.26,,Bsef20m500,2024-03-20 21:46:51.475980
129.12,-013.66,-109.26,,Bsef20m500,2024-03-20 21:46:51.476980
129.13,-013.66,-109.25,,Bsef20m500,2024-03-20 21:46:51.480979
129.04,-013.66,-109.26,,Bsef20m500,2024-03-20 21:46:51.552148
129.06,-013.66,-109.26,,Bsef20m500,2024-03-20 21:46:51.558151
129.08,-013.66,-109.26,,Bsef20m500,2024-03-20 21:46:51.563150
129.11,-013.66,-109.26,,Bsef20m500,2024-03-20 21:46:51.566152
129.03,-013.66,-109.26,,Bsef20m500,2024-03-20 21:46:51.571147
129.05,-013.65,-109.27,,Bsef20m500,2024-03-20 21:46:51.576147
129.08,-013.65,-109.28,,Bsef20m500,2024-03-20 21:46:51.580148
129.10,-013.64,-109.28,,Bsef20m500,2024-03-20 21:46:51.585150
129.04,-013.64,-109.29,,Bsef20m500,2024-03-20 21:46:51.589148
129.06,-013.63,-109.30,,Bsef20m500,2024-03-20 21:46:51.594148
129.08,-013.62,-109.31,,Bsef20m500,2024-03-20 21:46:51.601004
129.11,-013.62,-109.32,,Bsef20m500,2024-03-20 21:46:51.606002
129.14,-013.62,-109.32,,Bsef20m500,2024-03-20 21:46:51.610389
129.06,-013.61,-109.33,,Bsef20m500,2024-03-20 21:46:51.617426
129.09,-013.61,-109.33,,Bsef20m500,2024-03-20 21:46:51.624546
129.12,-013.61,-109.33,,Bsef20m500,2024-03-20 21:46:51.630179
129.14,-013.61,-109.34,,Bsef20m500,2024-03-20 21:46:51.635730
129.06,-013.61,-109.34,,Bsef20m500,2024-03-20 21:46:51.640348
129.09,-013.62,-109.35,,Bsef20m500,2024-03-20 21:46:51.644350
129.12,-013.62,-109.35,,Bsef20m500,2024-03-20 21:46:51.648345
129.15,-013.63,-109.36,,Bsef20m500,2024-03-20 21:46:51.654346
129.08,-013.64,-109.36,,Bsef20m500,2024-03-20 21:46:51.658458
129.11,-013.64,-109.37,,Bsef20m500,2024-03-20 21:46:51.661459
129.14,-013.65,-109.37,,Bsef20m500,2024-03-20 21:46:51.668794
129.17,-013.64,-109.37,,Bsef20m500,2024-03-20 21:46:51.672794
129.09,-013.64,-109.37,,Bsef20m500,2024-03-20 21:46:51.676847
129.11,-013.63,-109.37,,Bsef20m500,2024-03-20 21:46:51.684946
129.14,-013.62,-109.37,,Bsef20m500,2024-03-20 21:46:51.689941
129.16,-013.62,-109.36,,Bsef20m500,2024-03-20 21:46:51.697945
129.09,-013.62,-109.36,,Bsef20m500,2024-03-20 21:46:51.705405
129.11,-013.62,-109.35,,Bsef20m500,2024-03-20 21:46:51.712400
129.13,-013.62,-109.35,,Bsef20m500,2024-03-20 21:46:51.718479
129.15,-013.62,-109.35,,Bsef20m500,2024-03-20 21:46:51.724178
129.17,-013.62,-109.35,,Bsef20m500,2024-03-20 21:46:51.732717
129.11,-013.63,-109.35,,Bsef20m500,2024-03-20 21:46:51.737717
129.13,-013.63,-109.35,,Bsef20m500,2024-03-20 21:46:51.743728
129.15,-013.63,-109.35,,Bsef20m500,2024-03-20 21:46:51.748628
129.18,-013.63,-109.36,,Bsef20m500,2024-03-20 21:46:51.755626
129.11,-013.64,-109.36,,Bsef20m500,2024-03-20 21:46:51.759526
129.13,-013.64,-109.36,,Bsef20m500,2024-03-20 21:46:51.763526
129.15,-013.64,-109.36,,Bsef20m500,2024-03-20 21:46:51.768543
129.18,-013.65,-109.36,,Bsef20m500,2024-03-20 21:46:51.771952
129.11,-013.65,-109.36,,Bsef20m500,2024-03-20 21:46:51.775566
129.13,-013.65,-109.36,,Bsef20m500,2024-03-20 21:46:51.779568
129.15,-013.66,-109.36,,Bsef20m500,2024-03-20 21:46:51.786856
129.18,-013.67,-109.36,,Bsef20m500,2024-03-20 21:46:51.791571
129.10,-013.67,-109.36,,Bsef20m500,2024-03-20 21:46:51.795567
129.13,-013.68,-109.36,,Bsef20m500,2024-03-20 21:46:51.801569
129.15,-013.68,-109.36,,Bsef20m500,2024-03-20 21:46:51.806569
129.17,-013.69,-109.37,,Bsef20m500,2024-03-20 21:46:51.812637
129.20,-013.69,-109.37,,Bsef20m500,2024-03-20 21:46:51.816639
129.12,-013.69,-109.38,,Bsef20m500,2024-03-20 21:46:51.822636
129.15,-013.70,-109.38,,Bsef20m500,2024-03-20 21:46:51.826635
129.17,-013.70,-109.38,,Bsef20m500,2024-03-20 21:46:51.830762
129.20,-013.71,-109.39,,Bsef20m500,2024-03-20 21:46:51.837441
129.12,-013.71,-109.39,,Bsef20m500,2024-03-20 21:46:51.840445
129.15,-013.71,-109.39,,Bsef20m500,2024-03-20 21:46:51.844441
129.17,-013.71,-109.39,,Bsef20m500,2024-03-20 21:46:51.849442
129.19,-013.71,-109.39,,Bsef20m500,2024-03-20 21:46:51.854440
129.12,-013.71,-109.39,,Bsef20m500,2024-03-20 21:46:51.862443
129.15,-013.71,-109.38,,Bsef20m500,2024-03-20 21:46:51.866443
129.17,-013.71,-109.38,,Bsef20m500,2024-03-20 21:46:51.871443
129.19,-013.72,-109.38,,Bsef20m500,2024-03-20 21:46:51.875441
129.11,-013.72,-109.38,,Bsef20m500,2024-03-20 21:46:51.879441
129.13,-013.72,-109.37,,Bsef20m500,2024-03-20 21:46:51.883441
129.16,-013.72,-109.37,,Bsef20m500,2024-03-20 21:46:51.888441
129.18,-013.72,-109.37,,Bsef20m500,2024-03-20 21:46:51.892444
129.20,-013.73,-109.37,,Bsef20m500,2024-03-20 21:46:51.896442
129.13,-013.73,-109.37,,Bsef20m500,2024-03-20 21:46:51.902312
129.16,-013.73,-109.37,,Bsef20m500,2024-03-20 21:46:51.909640
129.18,-013.74,-109.37,,Bsef20m500,2024-03-20 21:46:51.917969
129.21,-013.75,-109.37,,Bsef20m500,2024-03-20 21:46:51.923966
129.13,-013.75,-109.37,,Bsef20m500,2024-03-20 21:46:51.927965
129.15,-013.76,-109.36,,Bsef20m500,2024-03-20 21:46:51.936646
129.18,-013.76,-109.36,,Bsef20m500,2024-03-20 21:46:51.942851
129.20,-013.76,-109.36,,Bsef20m500,2024-03-20 21:46:51.954035
129.12,-013.77,-109.36,,Bsef20m500,2024-03-20 21:46:51.961039
129.14,-013.77,-109.36,,Bsef20m500,2024-03-20 21:46:51.971379
129.16,-013.77,-109.36,,Bsef20m500,2024-03-20 21:46:51.977378
129.19,-013.77,-109.36,,Bsef20m500,2024-03-20 21:46:51.986706
129.10,-013.77,-109.37,,Bsef20m500,2024-03-20 21:46:51.992150
129.12,-013.78,-109.38,,Bsef20m500,2024-03-20 21:46:51.995147
129.14,-013.78,-109.39,,Bsef20m500,2024-03-20 21:46:52.000657
129.16,-013.79,-109.41,,Bsef20m500,2024-03-20 21:46:52.006723
129.19,-013.79,-109.41,,Bsef20m500,2024-03-20 21:46:52.012724
129.11,-013.79,-109.42,,Bsef20m500,2024-03-20 21:46:52.018723
129.13,-013.79,-109.43,,Bsef20m500,2024-03-20 21:46:52.023784
129.16,-013.79,-109.43,,Bsef20m500,2024-03-20 21:46:52.028821
129.19,-013.78,-109.44,,Bsef20m500,2024-03-20 21:46:52.034822
129.11,-013.78,-109.44,,Bsef20m500,2024-03-20 21:46:52.040174
129.14,-013.77,-109.44,,Bsef20m500,2024-03-20 21:46:52.046173
129.16,-013.77,-109.45,,Bsef20m500,2024-03-20 21:46:52.056754
129.19,-013.76,-109.45,,Bsef20m500,2024-03-20 21:46:52.065986
129.12,-013.75,-109.46,,Bsef20m500,2024-03-20 21:46:52.072696
129.15,-013.74,-109.46,,Bsef20m500,2024-03-20 21:46:52.081952
129.17,-013.74,-109.46,,Bsef20m500,2024-03-20 21:46:52.086949
129.20,-013.73,-109.46,,Bsef20m500,2024-03-20 21:46:52.095684
129.13,-013.72,-109.45,,Bsef20m500,2024-03-20 21:46:52.105244
129.16,-013.71,-109.45,,Bsef20m500,2024-03-20 21:46:52.108344
129.18,-013.70,-109.45,,Bsef20m500,2024-03-20 21:46:52.116510
129.20,-013.69,-109.45,,Bsef20m500,2024-03-20 21:46:52.124951
129.23,-013.68,-109.45,,Bsef20m500,2024-03-20 21:46:52.129952
129.15,-013.68,-109.45,,Bsef20m500,2024-03-20 21:46:52.139033
129.17,-013.68,-109.45,,Bsef20m500,2024-03-20 21:46:52.143948
129.19,-013.69,-109.45,,Bsef20m500,2024-03-20 21:46:52.148949
129.22,-013.69,-109.45,,Bsef20m500,2024-03-20 21:46:52.156021
129.15,-013.70,-109.45,,Bsef20m500,2024-03-20 21:46:52.160018
129.17,-013.70,-109.46,,Bsef20m500,2024-03-20 21:46:52.167536
129.19,-013.71,-109.46,,Bsef20m500,2024-03-20 21:46:52.172520
129.22,-013.71,-109.47,,Bsef20m500,2024-03-20 21:46:52.176519
129.14,-013.72,-109.47,,Bsef20m500,2024-03-20 21:46:52.179522
129.16,-013.72,-109.49,,Bsef20m500,2024-03-20 21:46:52.185602
129.19,-013.73,-109.50,,Bsef20m500,2024-03-20 21:46:52.190587
129.21,-013.73,-109.51,,Bsef20m500,2024-03-20 21:46:52.194587
129.13,-013.73,-109.53,,Bsef20m500,2024-03-20 21:46:52.203437
129.15,-013.74,-109.55,,Bsef20m500,2024-03-20 21:46:52.207435
129.17,-013.74,-109.56,,Bsef20m500,2024-03-20 21:46:52.214984
129.20,-013.75,-109.58,,Bsef20m500,2024-03-20 21:46:52.221765
129.22,-013.75,-109.59,,Bsef20m500,2024-03-20 21:46:52.223763
129.15,-013.76,-109.60,,Bsef20m500,2024-03-20 21:46:52.226803
129.18,-013.76,-109.61,,Bsef20m500,2024-03-20 21:46:52.233930
129.20,-013.77,-109.62,,Bsef20m500,2024-03-20 21:46:52.239232
129.23,-013.77,-109.62,,Bsef20m500,2024-03-20 21:46:52.244327
129.16,-013.77,-109.63,,Bsef20m500,2024-03-20 21:46:52.252088
129.18,-013.77,-109.63,,Bsef20m500,2024-03-20 21:46:52.255613
129.20,-013.78,-109.63,,Bsef20m500,2024-03-20 21:46:52.260031
129.22,-013.78,-109.63,,Bsef20m500,2024-03-20 21:46:52.264031
129.14,-013.79,-109.64,,Bsef20m500,2024-03-20 21:46:52.271030
129.16,-013.79,-109.64,,Bsef20m500,2024-03-20 21:46:52.275032
129.18,-013.80,-109.64,,Bsef20m500,2024-03-20 21:46:52.281031
129.20,-013.81,-109.64,,Bsef20m500,2024-03-20 21:46:52.287102
129.13,-013.82,-109.63,,Bsef20m500,2024-03-20 21:46:52.294155
129.16,-013.83,-109.62,,Bsef20m500,2024-03-20 21:46:52.298337
129.18,-013.84,-109.62,,Bsef20m500,2024-03-20 21:46:52.304166
129.21,-013.85,-109.61,,Bsef20m500,2024-03-20 21:46:52.306156
129.24,-013.87,-109.61,,Bsef20m500,2024-03-20 21:46:52.308412
129.16,-013.88,-109.61,,Bsef20m500,2024-03-20 21:46:52.312154
129.19,-013.90,-109.61,,Bsef20m500,2024-03-20 21:46:52.318785
129.22,-013.91,-109.61,,Bsef20m500,2024-03-20 21:46:52.322104
129.25,-013.93,-109.61,,Bsef20m500,2024-03-20 21:46:52.327105
129.19,-013.94,-109.62,,Bsef20m500,2024-03-20 21:46:52.331105
129.22,-013.95,-109.62,,Bsef20m500,2024-03-20 21:46:52.337310
129.25,-013.96,-109.62,,Bsef20m500,2024-03-20 21:46:52.342309
129.28,-013.97,-109.63,,Bsef20m500,2024-03-20 21:46:52.346308
129.22,-013.98,-109.63,,Bsef20m500,2024-03-20 21:46:52.352427
129.25,-013.99,-109.64,,Bsef20m500,2024-03-20 21:46:52.379402
129.28,-014.00,-109.64,,Bsef20m500,2024-03-20 21:46:52.404730
129.31,-014.00,-109.64,,Bsef20m500,2024-03-20 21:46:52.410730
129.24,-014.01,-109.64,,Bsef20m500,2024-03-20 21:46:52.422253
129.27,-014.01,-109.64,,Bsef20m500,2024-03-20 21:46:52.435480
129.30,-014.02,-109.64,,Bsef20m500,2024-03-20 21:46:52.438156
129.32,-014.02,-109.64,,Bsef20m500,2024-03-20 21:46:52.443439
129.35,-014.02,-109.63,,Bsef20m500,2024-03-20 21:46:52.457305
129.28,-014.02,-109.63,,Bsef20m500,2024-03-20 21:46:52.473821
129.30,-014.02,-109.63,,Bsef20m500,2024-03-20 21:46:52.489281
129.32,-014.02,-109.63,,Bsef20m500,2024-03-20 21:46:52.495281
129.34,-014.02,-109.63,,Bsef20m500,2024-03-20 21:46:52.504406
129.26,-014.02,-109.63,,Bsef20m500,2024-03-20 21:46:52.509405
129.28,-014.02,-109.64,,Bsef20m500,2024-03-20 21:46:52.516514
129.30,-014.02,-109.64,,Bsef20m500,2024-03-20 21:46:52.624711
129.32,-014.01,-109.64,,Bsef20m500,2024-03-20 21:46:52.660683
129.25,-014.01,-109.64,,Bsef20m500,2024-03-20 21:46:52.669879
129.27,-014.01,-109.65,,Bsef20m500,2024-03-20 21:46:52.676874
129.29,-014.01,-109.66,,Bsef20m500,2024-03-20 21:46:52.681917
129.31,-014.01,-109.67,,Bsef20m500,2024-03-20 21:46:52.691264
129.23,-014.01,-109.68,,Bsef20m500,2024-03-20 21:46:52.703869
129.25,-014.01,-109.70,,Bsef20m500,2024-03-20 21:46:52.708947
129.28,-014.01,-109.71,,Bsef20m500,2024-03-20 21:46:52.714110
129.30,-014.01,-109.73,,Bsef20m500,2024-03-20 21:46:52.722582
129.23,-014.01,-109.74,,Bsef20m500,2024-03-20 21:46:52.727582
129.26,-014.01,-109.76,,Bsef20m500,2024-03-20 21:46:52.736293
129.28,-014.01,-109.77,,Bsef20m500,2024-03-20 21:46:52.740291
129.31,-014.01,-109.78,,Bsef20m500,2024-03-20 21:46:52.745293
129.33,-014.01,-109.80,,Bsef20m500,2024-03-20 21:46:52.748355
129.26,-014.01,-109.81,,Bsef20m500,2024-03-20 21:46:52.754125
129.29,-014.01,-109.83,,Bsef20m500,2024-03-20 21:46:52.759128
129.32,-014.01,-109.85,,Bsef20m500,2024-03-20 21:46:52.764078
129.34,-014.01,-109.86,,Bsef20m500,2024-03-20 21:46:52.774607
129.27,-014.02,-109.88,,Bsef20m500,2024-03-20 21:46:52.782769
129.30,-014.03,-109.90,,Bsef20m500,2024-03-20 21:46:52.793178
129.33,-014.04,-109.92,,Bsef20m500,2024-03-20 21:46:52.802552
129.36,-014.05,-109.94,,Bsef20m500,2024-03-20 21:46:52.809547
129.31,-014.06,-109.96,,Bsef20m500,2024-03-20 21:46:52.816956
129.35,-014.07,-109.99,,Bsef20m500,2024-03-20 21:46:52.824547
129.39,-014.08,-110.01,,Bsef20m500,2024-03-20 21:46:52.830405
129.43,-014.09,-110.02,,Bsef20m500,2024-03-20 21:46:52.837068
129.37,-014.10,-110.04,,Bsef20m500,2024-03-20 21:46:52.841519
129.42,-014.11,-110.05,,Bsef20m500,2024-03-20 21:46:52.846096
129.46,-014.12,-110.05,,Bsef20m500,2024-03-20 21:46:52.855773
129.50,-014.13,-110.06,,Bsef20m500,2024-03-20 21:46:52.865068
129.54,-014.13,-110.07,,Bsef20m500,2024-03-20 21:46:52.873539
129.47,-014.14,-110.09,,Bsef20m500,2024-03-20 21:46:52.879868
129.50,-014.16,-110.10,,Bsef20m500,2024-03-20 21:46:52.887545
129.53,-014.19,-110.10,,Bsef20m500,2024-03-20 21:46:52.891540
129.55,-014.22,-110.12,,Bsef20m500,2024-03-20 21:46:52.896568
129.49,-014.24,-110.13,,Bsef20m500,2024-03-20 21:46:52.905751
129.52,-014.26,-110.13,,Bsef20m500,2024-03-20 21:46:52.910813
129.56,-014.28,-110.14,,Bsef20m500,2024-03-20 21:46:52.915812
129.60,-014.29,-110.15,,Bsef20m500,2024-03-20 21:46:52.919798
129.55,-014.30,-110.17,,Bsef20m500,2024-03-20 21:46:52.925247
129.60,-014.31,-110.18,,Bsef20m500,2024-03-20 21:46:52.931245
129.66,-014.32,-110.21,,Bsef20m500,2024-03-20 21:46:52.936257
129.73,-014.32,-110.23,,Bsef20m500,2024-03-20 21:46:52.940287
129.70,-014.33,-110.25,,Bsef20m500,2024-03-20 21:46:52.944415
129.78,-014.33,-110.28,,Bsef20m500,2024-03-20 21:46:52.949290
129.85,-014.34,-110.31,,Bsef20m500,2024-03-20 21:46:52.956447
129.92,-014.35,-110.34,,Bsef20m500,2024-03-20 21:46:52.962374
129.99,-014.36,-110.37,,Bsef20m500,2024-03-20 21:46:52.969682
129.96,-014.37,-110.40,,Bsef20m500,2024-03-20 21:46:52.973673
130.01,-014.39,-110.43,,Bsef20m500,2024-03-20 21:46:52.979839
130.07,-014.40,-110.45,,Bsef20m500,2024-03-20 21:46:52.986672
130.11,-014.41,-110.47,,Bsef20m500,2024-03-20 21:46:52.989674
130.04,-014.43,-110.49,,Bsef20m500,2024-03-20 21:46:52.992672
130.07,-014.45,-110.52,,Bsef20m500,2024-03-20 21:46:52.996757
130.08,-014.46,-110.54,,Bsef20m500,2024-03-20 21:46:53.004998
130.08,-014.47,-110.57,,Bsef20m500,2024-03-20 21:46:53.009989
129.97,-014.47,-110.58,,Bsef20m500,2024-03-20 21:46:53.021080
129.96,-014.45,-110.60,,Bsef20m500,2024-03-20 21:46:53.027076
129.95,-014.44,-110.61,,Bsef20m500,2024-03-20 21:46:53.036987
129.94,-014.43,-110.60,,Bsef20m500,2024-03-20 21:46:53.042985
129.82,-014.42,-110.59,,Bsef20m500,2024-03-20 21:46:53.046983
129.81,-014.41,-110.57,,Bsef20m500,2024-03-20 21:46:53.052984
129.80,-014.40,-110.56,,Bsef20m500,2024-03-20 21:46:53.057985
129.78,-014.39,-110.54,,Bsef20m500,2024-03-20 21:46:53.059984
129.76,-014.37,-110.52,,Bsef20m500,2024-03-20 21:46:53.064986
129.64,-014.36,-110.49,,Bsef20m500,2024-03-20 21:46:53.073985
129.61,-014.36,-110.46,,Bsef20m500,2024-03-20 21:46:53.078986
129.58,-014.35,-110.43,,Bsef20m500,2024-03-20 21:46:53.086072
129.56,-014.36,-110.42,,Bsef20m500,2024-03-20 21:46:53.091063
129.45,-014.36,-110.42,,Bsef20m500,2024-03-20 21:46:53.095063
129.43,-014.37,-110.42,,Bsef20m500,2024-03-20 21:46:53.101083
129.42,-014.38,-110.42,,Bsef20m500,2024-03-20 21:46:53.106066
129.42,-014.39,-110.42,,Bsef20m500,2024-03-20 21:46:53.110066
129.33,-014.40,-110.42,,Bsef20m500,2024-03-20 21:46:53.115071
129.33,-014.42,-110.42,,Bsef20m500,2024-03-20 21:46:53.121125
129.34,-014.44,-110.42,,Bsef20m500,2024-03-20 21:46:53.127008
129.36,-014.46,-110.42,,Bsef20m500,2024-03-20 21:46:53.136206
129.28,-014.48,-110.42,,Bsef20m500,2024-03-20 21:46:53.142205
129.30,-014.50,-110.43,,Bsef20m500,2024-03-20 21:46:53.144202
129.32,-014.53,-110.44,,Bsef20m500,2024-03-20 21:46:53.147152
129.33,-014.56,-110.46,,Bsef20m500,2024-03-20 21:46:53.155314
129.35,-014.59,-110.47,,Bsef20m500,2024-03-20 21:46:53.160315
129.26,-014.62,-110.48,,Bsef20m500,2024-03-20 21:46:53.166725
129.28,-014.65,-110.49,,Bsef20m500,2024-03-20 21:46:53.174562
129.29,-014.68,-110.49,,Bsef20m500,2024-03-20 21:46:53.179363
129.30,-014.72,-110.50,,Bsef20m500,2024-03-20 21:46:53.187062
129.23,-014.76,-110.50,,Bsef20m500,2024-03-20 21:46:53.192062
129.25,-014.80,-110.50,,Bsef20m500,2024-03-20 21:46:53.196064
129.27,-014.84,-110.50,,Bsef20m500,2024-03-20 21:46:53.203080
129.29,-014.89,-110.49,,Bsef20m500,2024-03-20 21:46:53.209065
129.23,-014.94,-110.49,,Bsef20m500,2024-03-20 21:46:53.212202
129.25,-014.99,-110.49,,Bsef20m500,2024-03-20 21:46:53.216204
129.27,-015.04,-110.49,,Bsef20m500,2024-03-20 21:46:53.224000
129.30,-015.09,-110.49,,Bsef20m500,2024-03-20 21:46:53.229126
129.23,-015.14,-110.48,,Bsef20m500,2024-03-20 21:46:53.241050
129.26,-015.19,-110.47,,Bsef20m500,2024-03-20 21:46:53.246550
129.29,-015.23,-110.46,,Bsef20m500,2024-03-20 21:46:53.254246
129.32,-015.28,-110.45,,Bsef20m500,2024-03-20 21:46:53.259601
129.35,-015.33,-110.44,,Bsef20m500,2024-03-20 21:46:53.261599
129.28,-015.37,-110.42,,Bsef20m500,2024-03-20 21:46:53.268412
129.30,-015.42,-110.40,,Bsef20m500,2024-03-20 21:46:53.272604
129.33,-015.46,-110.39,,Bsef20m500,2024-03-20 21:46:53.277604
129.36,-015.51,-110.37,,Bsef20m500,2024-03-20 21:46:53.286657
129.28,-015.55,-110.35,,Bsef20m500,2024-03-20 21:46:53.291120
129.30,-015.58,-110.34,,Bsef20m500,2024-03-20 21:46:53.296122
129.32,-015.62,-110.32,,Bsef20m500,2024-03-20 21:46:53.304534
129.34,-015.64,-110.31,,Bsef20m500,2024-03-20 21:46:53.309534
129.26,-015.67,-110.29,,Bsef20m500,2024-03-20 21:46:53.315536
129.27,-015.69,-110.27,,Bsef20m500,2024-03-20 21:46:53.323852
129.29,-015.71,-110.26,,Bsef20m500,2024-03-20 21:46:53.328851
129.31,-015.72,-110.24,,Bsef20m500,2024-03-20 21:46:53.332855
129.22,-015.73,-110.23,,Bsef20m500,2024-03-20 21:46:53.337049
129.24,-015.75,-110.22,,Bsef20m500,2024-03-20 21:46:53.343146
129.25,-015.76,-110.21,,Bsef20m500,2024-03-20 21:46:53.353350
129.26,-015.77,-110.20,,Bsef20m500,2024-03-20 21:46:53.358349
129.26,-015.77,-110.19,,Bsef20m500,2024-03-20 21:46:53.364220
129.17,-015.78,-110.17,,Bsef20m500,2024-03-20 21:46:53.372261
129.17,-015.78,-110.15,,Bsef20m500,2024-03-20 21:46:53.377274
129.17,-015.79,-110.13,,Bsef20m500,2024-03-20 21:46:53.381718
129.16,-015.79,-110.11,,Bsef20m500,2024-03-20 21:46:53.387266
129.05,-015.79,-110.08,,Bsef20m500,2024-03-20 21:46:53.392260
129.05,-015.78,-110.04,,Bsef20m500,2024-03-20 21:46:53.396261
129.04,-015.78,-110.00,,Bsef20m500,2024-03-20 21:46:53.403125
129.01,-015.74,-109.98,,Bsef20m500,2024-03-20 21:46:53.404123
128.82,-015.68,-110.02,,Bsef20m500,2024-03-20 21:46:53.406124
128.72,-015.62,-110.03,,Bsef20m500,2024-03-20 21:46:53.407156
128.62,-015.57,-110.01,,Bsef20m500,2024-03-20 21:46:53.408154
128.54,-015.54,-109.96,,Bsef20m500,2024-03-20 21:46:53.412271
128.39,-015.53,-109.92,,Bsef20m500,2024-03-20 21:46:53.418273
128.36,-015.52,-109.91,,Bsef20m500,2024-03-20 21:46:53.423269
128.35,-015.52,-109.90,,Bsef20m500,2024-03-20 21:46:53.424268
128.35,-015.51,-109.91,,Bsef20m500,2024-03-20 21:46:53.428269
128.38,-015.51,-109.91,,Bsef20m500,2024-03-20 21:46:53.429268
128.31,-015.51,-109.92,,Bsef20m500,2024-03-20 21:46:53.435289
128.37,-015.52,-109.93,,Bsef20m500,2024-03-20 21:46:53.436268
128.45,-015.55,-109.96,,Bsef20m500,2024-03-20 21:46:53.439270
128.55,-015.59,-109.98,,Bsef20m500,2024-03-20 21:46:53.440270
128.55,-015.63,-110.00,,Bsef20m500,2024-03-20 21:46:53.444766
128.68,-015.66,-110.02,,Bsef20m500,2024-03-20 21:46:53.450219
128.82,-015.71,-110.04,,Bsef20m500,2024-03-20 21:46:53.455236
128.95,-015.75,-110.05,,Bsef20m500,2024-03-20 21:46:53.458317
128.97,-015.79,-110.08,,Bsef20m500,2024-03-20 21:46:53.464409
129.07,-015.80,-110.13,,Bsef20m500,2024-03-20 21:46:53.471449
129.15,-015.80,-110.17,,Bsef20m500,2024-03-20 21:46:53.476447
129.23,-015.79,-110.21,,Bsef20m500,2024-03-20 21:46:53.483542
129.20,-015.77,-110.24,,Bsef20m500,2024-03-20 21:46:53.488693
129.25,-015.75,-110.25,,Bsef20m500,2024-03-20 21:46:53.491694
129.30,-015.73,-110.25,,Bsef20m500,2024-03-20 21:46:53.496694
129.34,-015.71,-110.24,,Bsef20m500,2024-03-20 21:46:53.502979
129.26,-015.69,-110.23,,Bsef20m500,2024-03-20 21:46:53.506976
129.28,-015.67,-110.22,,Bsef20m500,2024-03-20 21:46:53.510025
129.29,-015.64,-110.21,,Bsef20m500,2024-03-20 21:46:53.514026
129.30,-015.60,-110.21,,Bsef20m500,2024-03-20 21:46:53.520027
129.30,-015.56,-110.22,,Bsef20m500,2024-03-20 21:46:53.524133
129.19,-015.52,-110.23,,Bsef20m500,2024-03-20 21:46:53.527846
129.20,-015.49,-110.24,,Bsef20m500,2024-03-20 21:46:53.532768
129.21,-015.46,-110.25,,Bsef20m500,2024-03-20 21:46:53.537761
129.23,-015.44,-110.26,,Bsef20m500,2024-03-20 21:46:53.541761
129.14,-015.42,-110.26,,Bsef20m500,2024-03-20 21:46:53.544761
129.17,-015.40,-110.26,,Bsef20m500,2024-03-20 21:46:53.549765
129.19,-015.38,-110.27,,Bsef20m500,2024-03-20 21:46:53.554398
129.23,-015.36,-110.27,,Bsef20m500,2024-03-20 21:46:53.558397
129.15,-015.34,-110.28,,Bsef20m500,2024-03-20 21:46:53.561397
129.19,-015.32,-110.30,,Bsef20m500,2024-03-20 21:46:53.565126
129.23,-015.30,-110.31,,Bsef20m500,2024-03-20 21:46:53.570127
129.28,-015.27,-110.33,,Bsef20m500,2024-03-20 21:46:53.573127
129.21,-015.25,-110.36,,Bsef20m500,2024-03-20 21:46:53.575127
129.26,-015.23,-110.38,,Bsef20m500,2024-03-20 21:46:53.579126
129.30,-015.22,-110.41,,Bsef20m500,2024-03-20 21:46:53.583126
129.35,-015.21,-110.43,,Bsef20m500,2024-03-20 21:46:53.587201
129.38,-015.20,-110.45,,Bsef20m500,2024-03-20 21:46:53.591201
129.31,-015.20,-110.48,,Bsef20m500,2024-03-20 21:46:53.594656
129.34,-015.19,-110.50,,Bsef20m500,2024-03-20 21:46:53.598657
129.36,-015.18,-110.52,,Bsef20m500,2024-03-20 21:46:53.602687
129.38,-015.18,-110.53,,Bsef20m500,2024-03-20 21:46:53.605687
129.29,-015.17,-110.55,,Bsef20m500,2024-03-20 21:46:53.609687
129.29,-015.16,-110.56,,Bsef20m500,2024-03-20 21:46:53.613687
129.30,-015.16,-110.57,,Bsef20m500,2024-03-20 21:46:53.617767
129.30,-015.15,-110.59,,Bsef20m500,2024-03-20 21:46:53.621768
129.19,-015.15,-110.60,,Bsef20m500,2024-03-20 21:46:53.624768
129.20,-015.15,-110.61,,Bsef20m500,2024-03-20 21:46:53.628767
129.20,-015.15,-110.63,,Bsef20m500,2024-03-20 21:46:53.632768
129.21,-015.16,-110.65,,Bsef20m500,2024-03-20 21:46:53.636767
129.12,-015.16,-110.67,,Bsef20m500,2024-03-20 21:46:53.640767
129.12,-015.16,-110.70,,Bsef20m500,2024-03-20 21:46:53.644767
129.13,-015.17,-110.72,,Bsef20m500,2024-03-20 21:46:53.647767
129.14,-015.18,-110.74,,Bsef20m500,2024-03-20 21:46:53.651767
129.14,-015.19,-110.76,,Bsef20m500,2024-03-20 21:46:53.655766
129.03,-015.20,-110.78,,Bsef20m500,2024-03-20 21:46:53.659769
129.03,-015.21,-110.79,,Bsef20m500,2024-03-20 21:46:53.663767
129.02,-015.22,-110.81,,Bsef20m500,2024-03-20 21:46:53.666767
129.00,-015.23,-110.83,,Bsef20m500,2024-03-20 21:46:53.670767
128.89,-015.25,-110.85,,Bsef20m500,2024-03-20 21:46:53.674776
128.87,-015.27,-110.88,,Bsef20m500,2024-03-20 21:46:53.678767
128.84,-015.31,-110.92,,Bsef20m500,2024-03-20 21:46:53.682473
128.80,-015.36,-110.97,,Bsef20m500,2024-03-20 21:46:53.686695
128.65,-015.42,-111.04,,Bsef20m500,2024-03-20 21:46:53.688695
128.60,-015.44,-111.05,,Bsef20m500,2024-03-20 21:46:55.390631
128.56,-015.45,-111.04,,Bsef20m500,2024-03-20 21:46:55.439032
128.53,-015.45,-111.02,,Bsef20m500,2024-03-20 21:46:55.447750
128.39,-015.45,-111.01,,Bsef20m500,2024-03-20 21:46:55.461861
128.37,-015.47,-111.02,,Bsef20m500,2024-03-20 21:46:55.470570
128.36,-015.50,-111.04,,Bsef20m500,2024-03-20 21:46:55.476570
128.35,-015.54,-111.06,,Bsef20m500,2024-03-20 21:46:55.481618
128.34,-015.58,-111.09,,Bsef20m500,2024-03-20 21:46:55.488612
128.23,-015.60,-111.12,,Bsef20m500,2024-03-20 21:46:55.502083
128.24,-015.62,-111.11,,Bsef20m500,2024-03-20 21:46:55.507597
128.25,-015.65,-111.10,,Bsef20m500,2024-03-20 21:46:55.515684
128.27,-015.68,-111.09,,Bsef20m500,2024-03-20 21:46:55.523786
128.17,-015.71,-111.09,,Bsef20m500,2024-03-20 21:46:55.528863
128.18,-015.75,-111.09,,Bsef20m500,2024-03-20 21:46:55.536084
128.19,-015.79,-111.09,,Bsef20m500,2024-03-20 21:46:55.541101
128.21,-015.81,-111.09,,Bsef20m500,2024-03-20 21:46:55.546452
128.12,-015.83,-111.10,,Bsef20m500,2024-03-20 21:46:55.553664
128.14,-015.84,-111.11,,Bsef20m500,2024-03-20 21:46:55.558650
128.17,-015.84,-111.12,,Bsef20m500,2024-03-20 21:46:55.565045
128.20,-015.85,-111.12,,Bsef20m500,2024-03-20 21:46:55.572798
128.13,-015.85,-111.11,,Bsef20m500,2024-03-20 21:46:55.577968
128.17,-015.85,-111.10,,Bsef20m500,2024-03-20 21:46:55.587947
128.22,-015.85,-111.09,,Bsef20m500,2024-03-20 21:46:55.592997
128.33,-015.85,-111.09,,Bsef20m500,2024-03-20 21:46:55.594943
128.28,-015.85,-111.09,,Bsef20m500,2024-03-20 21:46:55.597947
128.34,-015.85,-111.09,,Bsef20m500,2024-03-20 21:46:55.605756
128.40,-015.85,-111.09,,Bsef20m500,2024-03-20 21:46:55.611927
128.46,-015.85,-111.10,,Bsef20m500,2024-03-20 21:46:55.618750
128.41,-015.84,-111.10,,Bsef20m500,2024-03-20 21:46:55.624228
128.52,-015.82,-111.11,,Bsef20m500,2024-03-20 21:46:55.629659
128.58,-015.81,-111.11,,Bsef20m500,2024-03-20 21:46:55.636617
128.53,-015.79,-111.12,,Bsef20m500,2024-03-20 21:46:55.640692
128.58,-015.78,-111.13,,Bsef20m500,2024-03-20 21:46:55.652678
128.63,-015.75,-111.13,,Bsef20m500,2024-03-20 21:46:55.659986
128.68,-015.73,-111.12,,Bsef20m500,2024-03-20 21:46:55.662987
128.61,-015.71,-111.12,,Bsef20m500,2024-03-20 21:46:55.670090
128.66,-015.68,-111.11,,Bsef20m500,2024-03-20 21:46:55.672085
128.71,-015.65,-111.09,,Bsef20m500,2024-03-20 21:46:55.673085
128.75,-015.62,-111.08,,Bsef20m500,2024-03-20 21:46:55.681156
128.79,-015.59,-111.07,,Bsef20m500,2024-03-20 21:46:55.685499
128.69,-015.56,-111.05,,Bsef20m500,2024-03-20 21:46:55.693144
128.72,-015.54,-111.04,,Bsef20m500,2024-03-20 21:46:55.696766
128.75,-015.51,-111.03,,Bsef20m500,2024-03-20 21:46:55.704561
128.78,-015.48,-111.02,,Bsef20m500,2024-03-20 21:46:55.705427
128.69,-015.45,-111.01,,Bsef20m500,2024-03-20 21:46:55.711428
128.71,-015.42,-111.00,,Bsef20m500,2024-03-20 21:46:55.712426
128.73,-015.39,-110.99,,Bsef20m500,2024-03-20 21:46:55.719876
128.75,-015.36,-110.99,,Bsef20m500,2024-03-20 21:46:55.725162
128.66,-015.33,-110.99,,Bsef20m500,2024-03-20 21:46:55.729419
128.67,-015.30,-110.99,,Bsef20m500,2024-03-20 21:46:55.735433
128.68,-015.27,-111.00,,Bsef20m500,2024-03-20 21:46:55.737429
128.69,-015.24,-111.01,,Bsef20m500,2024-03-20 21:46:55.743429
128.59,-015.22,-111.02,,Bsef20m500,2024-03-20 21:46:55.748429
128.60,-015.20,-111.03,,Bsef20m500,2024-03-20 21:46:55.755559
128.60,-015.18,-111.05,,Bsef20m500,2024-03-20 21:46:55.759559
128.61,-015.16,-111.07,,Bsef20m500,2024-03-20 21:46:55.764029
128.61,-015.15,-111.09,,Bsef20m500,2024-03-20 21:46:55.771127
128.51,-015.13,-111.10,,Bsef20m500,2024-03-20 21:46:55.775241
128.52,-015.12,-111.12,,Bsef20m500,2024-03-20 21:46:55.779534
128.53,-015.10,-111.13,,Bsef20m500,2024-03-20 21:46:55.786568
128.55,-015.09,-111.15,,Bsef20m500,2024-03-20 21:46:55.790901
128.45,-015.07,-111.16,,Bsef20m500,2024-03-20 21:46:55.794899
128.47,-015.06,-111.17,,Bsef20m500,2024-03-20 21:46:55.801912
128.49,-015.06,-111.19,,Bsef20m500,2024-03-20 21:46:55.806903
128.51,-015.06,-111.21,,Bsef20m500,2024-03-20 21:46:55.809903
128.42,-015.06,-111.24,,Bsef20m500,2024-03-20 21:46:55.810903
128.45,-015.07,-111.26,,Bsef20m500,2024-03-20 21:46:55.815119
128.48,-015.08,-111.30,,Bsef20m500,2024-03-20 21:46:55.817410
128.51,-015.09,-111.32,,Bsef20m500,2024-03-20 21:46:55.823118
128.42,-015.10,-111.35,,Bsef20m500,2024-03-20 21:46:55.827117
128.46,-015.11,-111.37,,Bsef20m500,2024-03-20 21:46:55.833905
128.49,-015.11,-111.39,,Bsef20m500,2024-03-20 21:46:55.838892
128.52,-015.12,-111.41,,Bsef20m500,2024-03-20 21:46:55.844887
128.42,-015.12,-111.43,,Bsef20m500,2024-03-20 21:46:55.852521
128.46,-015.13,-111.43,,Bsef20m500,2024-03-20 21:46:55.857504
128.49,-015.14,-111.44,,Bsef20m500,2024-03-20 21:46:55.863506
128.52,-015.16,-111.44,,Bsef20m500,2024-03-20 21:46:55.871050
128.55,-015.17,-111.44,,Bsef20m500,2024-03-20 21:46:55.875481
128.47,-015.17,-111.44,,Bsef20m500,2024-03-20 21:46:55.880050
128.50,-015.18,-111.44,,Bsef20m500,2024-03-20 21:46:55.886050
128.52,-015.19,-111.43,,Bsef20m500,2024-03-20 21:46:55.891339
128.55,-015.20,-111.43,,Bsef20m500,2024-03-20 21:46:55.895372
128.46,-015.20,-111.43,,Bsef20m500,2024-03-20 21:46:55.906849
128.49,-015.21,-111.42,,Bsef20m500,2024-03-20 21:46:55.912847
128.51,-015.22,-111.41,,Bsef20m500,2024-03-20 21:46:55.917129
128.54,-015.23,-111.40,,Bsef20m500,2024-03-20 21:46:55.922263
128.45,-015.24,-111.39,,Bsef20m500,2024-03-20 21:46:55.928267
128.47,-015.25,-111.37,,Bsef20m500,2024-03-20 21:46:55.937252
128.49,-015.26,-111.36,,Bsef20m500,2024-03-20 21:46:55.943251
128.51,-015.27,-111.35,,Bsef20m500,2024-03-20 21:46:55.951511
128.40,-015.28,-111.34,,Bsef20m500,2024-03-20 21:46:55.957823
128.42,-015.29,-111.33,,Bsef20m500,2024-03-20 21:46:55.962827
128.44,-015.30,-111.32,,Bsef20m500,2024-03-20 21:46:55.969905
128.46,-015.32,-111.31,,Bsef20m500,2024-03-20 21:46:55.974905
128.48,-015.34,-111.30,,Bsef20m500,2024-03-20 21:46:55.980081
128.39,-015.35,-111.30,,Bsef20m500,2024-03-20 21:46:55.986280
128.41,-015.37,-111.30,,Bsef20m500,2024-03-20 21:46:55.991218
128.44,-015.39,-111.30,,Bsef20m500,2024-03-20 21:46:55.995215
128.46,-015.40,-111.31,,Bsef20m500,2024-03-20 21:46:56.003291
128.38,-015.42,-111.32,,Bsef20m500,2024-03-20 21:46:56.007288
128.41,-015.43,-111.33,,Bsef20m500,2024-03-20 21:46:56.011963
128.44,-015.44,-111.35,,Bsef20m500,2024-03-20 21:46:56.018994
128.47,-015.45,-111.37,,Bsef20m500,2024-03-20 21:46:56.023052
128.39,-015.46,-111.39,,Bsef20m500,2024-03-20 21:46:56.027056
128.43,-015.46,-111.41,,Bsef20m500,2024-03-20 21:46:56.033063
128.46,-015.46,-111.43,,Bsef20m500,2024-03-20 21:46:56.039069
128.49,-015.46,-111.44,,Bsef20m500,2024-03-20 21:46:56.043066
128.41,-015.45,-111.46,,Bsef20m500,2024-03-20 21:46:56.048067
128.44,-015.45,-111.47,,Bsef20m500,2024-03-20 21:46:56.055068
128.46,-015.45,-111.48,,Bsef20m500,2024-03-20 21:46:56.060162
128.49,-015.45,-111.49,,Bsef20m500,2024-03-20 21:46:56.065032
128.52,-015.45,-111.51,,Bsef20m500,2024-03-20 21:46:56.071276
128.44,-015.45,-111.52,,Bsef20m500,2024-03-20 21:46:56.076330
128.46,-015.45,-111.53,,Bsef20m500,2024-03-20 21:46:56.081275
128.48,-015.46,-111.54,,Bsef20m500,2024-03-20 21:46:56.087275
128.51,-015.46,-111.55,,Bsef20m500,2024-03-20 21:46:56.091275
128.44,-015.47,-111.56,,Bsef20m500,2024-03-20 21:46:56.095275
128.46,-015.47,-111.58,,Bsef20m500,2024-03-20 21:46:56.106000
128.49,-015.48,-111.59,,Bsef20m500,2024-03-20 21:46:56.110449
128.51,-015.49,-111.61,,Bsef20m500,2024-03-20 21:46:56.115449
128.44,-015.50,-111.62,,Bsef20m500,2024-03-20 21:46:56.121545
128.46,-015.51,-111.64,,Bsef20m500,2024-03-20 21:46:56.127190
128.49,-015.52,-111.65,,Bsef20m500,2024-03-20 21:46:56.132546
128.52,-015.53,-111.67,,Bsef20m500,2024-03-20 21:46:56.138543
128.44,-015.53,-111.68,,Bsef20m500,2024-03-20 21:46:56.144134
128.46,-015.54,-111.70,,Bsef20m500,2024-03-20 21:46:56.153544
128.49,-015.54,-111.71,,Bsef20m500,2024-03-20 21:46:56.158543
128.51,-015.54,-111.72,,Bsef20m500,2024-03-20 21:46:56.164545
128.53,-015.54,-111.73,,Bsef20m500,2024-03-20 21:46:56.170928
128.44,-015.53,-111.75,,Bsef20m500,2024-03-20 21:46:56.176926
128.45,-015.52,-111.76,,Bsef20m500,2024-03-20 21:46:56.184916
128.47,-015.52,-111.77,,Bsef20m500,2024-03-20 21:46:56.188571
128.48,-015.51,-111.77,,Bsef20m500,2024-03-20 21:46:56.193573
128.40,-015.51,-111.78,,Bsef20m500,2024-03-20 21:46:56.198200
128.41,-015.51,-111.79,,Bsef20m500,2024-03-20 21:46:56.203571
128.43,-015.52,-111.81,,Bsef20m500,2024-03-20 21:46:56.207571
128.44,-015.53,-111.82,,Bsef20m500,2024-03-20 21:46:56.212572
128.36,-015.54,-111.83,,Bsef20m500,2024-03-20 21:46:56.217891
128.38,-015.55,-111.83,,Bsef20m500,2024-03-20 21:46:56.222880
128.40,-015.56,-111.84,,Bsef20m500,2024-03-20 21:46:56.226879
128.43,-015.57,-111.84,,Bsef20m500,2024-03-20 21:46:56.230797
128.36,-015.57,-111.84,,Bsef20m500,2024-03-20 21:46:56.236798
128.39,-015.57,-111.84,,Bsef20m500,2024-03-20 21:46:56.241798
128.42,-015.56,-111.84,,Bsef20m500,2024-03-20 21:46:56.246764
128.46,-015.55,-111.84,,Bsef20m500,2024-03-20 21:46:56.253366
128.49,-015.54,-111.85,,Bsef20m500,2024-03-20 21:46:56.257365
128.42,-015.52,-111.86,,Bsef20m500,2024-03-20 21:46:56.263365
128.45,-015.50,-111.87,,Bsef20m500,2024-03-20 21:46:56.270914
128.48,-015.49,-111.88,,Bsef20m500,2024-03-20 21:46:56.275251
128.50,-015.47,-111.89,,Bsef20m500,2024-03-20 21:46:56.281603
128.43,-015.46,-111.90,,Bsef20m500,2024-03-20 21:46:56.289249
128.45,-015.44,-111.90,,Bsef20m500,2024-03-20 21:46:56.295619
128.47,-015.43,-111.89,,Bsef20m500,2024-03-20 21:46:56.302316
128.48,-015.41,-111.88,,Bsef20m500,2024-03-20 21:46:56.306317
128.39,-015.40,-111.87,,Bsef20m500,2024-03-20 21:46:56.310315
128.40,-015.38,-111.85,,Bsef20m500,2024-03-20 21:46:56.315318
128.41,-015.37,-111.82,,Bsef20m500,2024-03-20 21:46:56.320787
128.42,-015.36,-111.80,,Bsef20m500,2024-03-20 21:46:56.324788
128.31,-015.35,-111.78,,Bsef20m500,2024-03-20 21:46:56.329788
128.32,-015.35,-111.76,,Bsef20m500,2024-03-20 21:46:56.334792
128.33,-015.34,-111.74,,Bsef20m500,2024-03-20 21:46:56.338787
128.34,-015.34,-111.72,,Bsef20m500,2024-03-20 21:46:56.344791
128.35,-015.34,-111.70,,Bsef20m500,2024-03-20 21:46:56.350988
128.27,-015.34,-111.69,,Bsef20m500,2024-03-20 21:46:56.355982
128.29,-015.34,-111.67,,Bsef20m500,2024-03-20 21:46:56.361478
128.31,-015.33,-111.65,,Bsef20m500,2024-03-20 21:46:56.369078
128.33,-015.34,-111.64,,Bsef20m500,2024-03-20 21:46:56.373076
128.26,-015.34,-111.62,,Bsef20m500,2024-03-20 21:46:56.377074
128.28,-015.34,-111.60,,Bsef20m500,2024-03-20 21:46:56.381493
128.30,-015.35,-111.59,,Bsef20m500,2024-03-20 21:46:56.389138
128.31,-015.36,-111.58,,Bsef20m500,2024-03-20 21:46:56.395139
128.24,-015.36,-111.57,,Bsef20m500,2024-03-20 21:46:56.402139
128.25,-015.37,-111.56,,Bsef20m500,2024-03-20 21:46:56.408137
128.26,-015.38,-111.55,,Bsef20m500,2024-03-20 21:46:56.412135
128.27,-015.38,-111.55,,Bsef20m500,2024-03-20 21:46:56.419139
128.19,-015.39,-111.54,,Bsef20m500,2024-03-20 21:46:56.423140
128.20,-015.40,-111.53,,Bsef20m500,2024-03-20 21:46:56.429490
128.21,-015.40,-111.51,,Bsef20m500,2024-03-20 21:46:56.435214
128.21,-015.41,-111.49,,Bsef20m500,2024-03-20 21:46:56.440213
128.23,-015.41,-111.47,,Bsef20m500,2024-03-20 21:46:56.444212
128.12,-015.42,-111.44,,Bsef20m500,2024-03-20 21:46:56.448216
128.14,-015.43,-111.41,,Bsef20m500,2024-03-20 21:46:56.454212
128.15,-015.44,-111.37,,Bsef20m500,2024-03-20 21:46:56.458213
128.17,-015.46,-111.34,,Bsef20m500,2024-03-20 21:46:56.461215
128.08,-015.47,-111.31,,Bsef20m500,2024-03-20 21:46:56.466927
128.10,-015.49,-111.29,,Bsef20m500,2024-03-20 21:46:56.471022
128.12,-015.50,-111.26,,Bsef20m500,2024-03-20 21:46:56.475020
128.15,-015.52,-111.24,,Bsef20m500,2024-03-20 21:46:56.479020
128.06,-015.54,-111.22,,Bsef20m500,2024-03-20 21:46:56.485050
128.09,-015.55,-111.20,,Bsef20m500,2024-03-20 21:46:56.489023
128.13,-015.57,-111.19,,Bsef20m500,2024-03-20 21:46:56.493022
128.16,-015.58,-111.17,,Bsef20m500,2024-03-20 21:46:56.497488
128.10,-015.60,-111.16,,Bsef20m500,2024-03-20 21:46:56.504668
128.13,-015.61,-111.15,,Bsef20m500,2024-03-20 21:46:56.509668
128.17,-015.63,-111.15,,Bsef20m500,2024-03-20 21:46:56.517679
128.21,-015.64,-111.14,,Bsef20m500,2024-03-20 21:46:56.521781
128.16,-015.65,-111.13,,Bsef20m500,2024-03-20 21:46:56.528611
128.19,-015.66,-111.13,,Bsef20m500,2024-03-20 21:46:56.534909
128.22,-015.67,-111.12,,Bsef20m500,2024-03-20 21:46:56.539351
128.26,-015.68,-111.11,,Bsef20m500,2024-03-20 21:46:56.542882
128.29,-015.68,-111.11,,Bsef20m500,2024-03-20 21:46:56.547883
128.22,-015.69,-111.10,,Bsef20m500,2024-03-20 21:46:56.553882
128.25,-015.69,-111.09,,Bsef20m500,2024-03-20 21:46:56.556882
128.28,-015.69,-111.08,,Bsef20m500,2024-03-20 21:46:56.563882
128.31,-015.69,-111.07,,Bsef20m500,2024-03-20 21:46:56.569972
128.23,-015.69,-111.06,,Bsef20m500,2024-03-20 21:46:56.574023
128.25,-015.68,-111.05,,Bsef20m500,2024-03-20 21:46:56.579099
128.28,-015.68,-111.03,,Bsef20m500,2024-03-20 21:46:56.580099
128.31,-015.67,-111.02,,Bsef20m500,2024-03-20 21:46:56.587399
128.22,-015.67,-111.00,,Bsef20m500,2024-03-20 21:46:56.591538
128.25,-015.66,-110.99,,Bsef20m500,2024-03-20 21:46:56.596538
128.28,-015.65,-110.97,,Bsef20m500,2024-03-20 21:46:56.603845
128.30,-015.65,-110.95,,Bsef20m500,2024-03-20 21:46:56.608848
128.21,-015.64,-110.93,,Bsef20m500,2024-03-20 21:46:56.615847
128.24,-015.64,-110.91,,Bsef20m500,2024-03-20 21:46:56.622604
128.27,-015.64,-110.90,,Bsef20m500,2024-03-20 21:46:56.629488
128.29,-015.63,-110.90,,Bsef20m500,2024-03-20 21:46:56.635970
128.32,-015.63,-110.89,,Bsef20m500,2024-03-20 21:46:56.639501
128.25,-015.63,-110.90,,Bsef20m500,2024-03-20 21:46:56.643501
128.28,-015.63,-110.90,,Bsef20m500,2024-03-20 21:46:56.648504
128.31,-015.63,-110.91,,Bsef20m500,2024-03-20 21:46:56.654501
128.34,-015.61,-110.92,,Bsef20m500,2024-03-20 21:46:56.658501
128.28,-015.60,-110.94,,Bsef20m500,2024-03-20 21:46:56.662501
128.30,-015.58,-110.95,,Bsef20m500,2024-03-20 21:46:56.668886
128.32,-015.56,-110.96,,Bsef20m500,2024-03-20 21:46:56.672883
128.34,-015.54,-110.97,,Bsef20m500,2024-03-20 21:46:56.677883
128.25,-015.52,-110.97,,Bsef20m500,2024-03-20 21:46:56.682966
128.27,-015.49,-110.98,,Bsef20m500,2024-03-20 21:46:56.687962
128.29,-015.48,-110.97,,Bsef20m500,2024-03-20 21:46:56.692959
128.31,-015.47,-110.97,,Bsef20m500,2024-03-20 21:46:56.696959
128.24,-015.46,-110.96,,Bsef20m500,2024-03-20 21:46:56.702959
128.26,-015.45,-110.97,,Bsef20m500,2024-03-20 21:46:56.707039
128.28,-015.44,-110.97,,Bsef20m500,2024-03-20 21:46:56.708963
128.31,-015.43,-110.99,,Bsef20m500,2024-03-20 21:46:56.712960
128.33,-015.42,-111.00,,Bsef20m500,2024-03-20 21:46:56.722049
128.25,-015.41,-111.02,,Bsef20m500,2024-03-20 21:46:56.728125
128.28,-015.39,-111.03,,Bsef20m500,2024-03-20 21:46:56.736233
128.31,-015.38,-111.04,,Bsef20m500,2024-03-20 21:46:56.741263
128.34,-015.37,-111.05,,Bsef20m500,2024-03-20 21:46:56.751928
128.28,-015.36,-111.06,,Bsef20m500,2024-03-20 21:46:56.756925
128.31,-015.35,-111.06,,Bsef20m500,2024-03-20 21:46:56.763925
128.34,-015.34,-111.06,,Bsef20m500,2024-03-20 21:46:56.771588
128.37,-015.33,-111.07,,Bsef20m500,2024-03-20 21:46:56.775589
128.29,-015.33,-111.07,,Bsef20m500,2024-03-20 21:46:56.780588
128.32,-015.32,-111.08,,Bsef20m500,2024-03-20 21:46:56.787873
128.35,-015.31,-111.08,,Bsef20m500,2024-03-20 21:46:56.793389
128.37,-015.31,-111.09,,Bsef20m500,2024-03-20 21:46:56.798877
128.30,-015.31,-111.09,,Bsef20m500,2024-03-20 21:46:56.805133
128.33,-015.31,-111.09,,Bsef20m500,2024-03-20 21:46:56.809131
128.36,-015.31,-111.09,,Bsef20m500,2024-03-20 21:46:56.814135
128.39,-015.31,-111.09,,Bsef20m500,2024-03-20 21:46:56.821135
128.42,-015.30,-111.08,,Bsef20m500,2024-03-20 21:46:56.826132
128.34,-015.30,-111.08,,Bsef20m500,2024-03-20 21:46:56.831527
128.37,-015.29,-111.08,,Bsef20m500,2024-03-20 21:46:56.839681
128.40,-015.29,-111.08,,Bsef20m500,2024-03-20 21:46:56.844677
128.42,-015.28,-111.08,,Bsef20m500,2024-03-20 21:46:56.849755
128.35,-015.27,-111.08,,Bsef20m500,2024-03-20 21:46:56.857183
128.37,-015.27,-111.09,,Bsef20m500,2024-03-20 21:46:56.863224
128.40,-015.27,-111.09,,Bsef20m500,2024-03-20 21:46:56.870058
128.43,-015.27,-111.09,,Bsef20m500,2024-03-20 21:46:56.876059
128.35,-015.27,-111.09,,Bsef20m500,2024-03-20 21:46:56.887359
128.38,-015.28,-111.09,,Bsef20m500,2024-03-20 21:46:56.892355
128.40,-015.29,-111.08,,Bsef20m500,2024-03-20 21:46:56.898354
128.43,-015.29,-111.08,,Bsef20m500,2024-03-20 21:46:56.905292
128.45,-015.30,-111.08,,Bsef20m500,2024-03-20 21:46:56.911293
128.37,-015.30,-111.08,,Bsef20m500,2024-03-20 21:46:56.919431
128.40,-015.31,-111.08,,Bsef20m500,2024-03-20 21:46:56.924426
128.42,-015.32,-111.08,,Bsef20m500,2024-03-20 21:46:56.929426
128.45,-015.32,-111.08,,Bsef20m500,2024-03-20 21:46:56.936559
128.37,-015.33,-111.07,,Bsef20m500,2024-03-20 21:46:56.941560
128.40,-015.34,-111.07,,Bsef20m500,2024-03-20 21:46:56.944566
128.43,-015.34,-111.08,,Bsef20m500,2024-03-20 21:46:56.951566
128.46,-015.34,-111.08,,Bsef20m500,2024-03-20 21:46:56.956561
128.38,-015.34,-111.10,,Bsef20m500,2024-03-20 21:46:56.961559
128.40,-015.34,-111.11,,Bsef20m500,2024-03-20 21:46:56.966763
128.43,-015.34,-111.13,,Bsef20m500,2024-03-20 21:46:56.972757
128.45,-015.33,-111.15,,Bsef20m500,2024-03-20 21:46:56.977754
128.38,-015.33,-111.15,,Bsef20m500,2024-03-20 21:46:56.982886
128.41,-015.33,-111.16,,Bsef20m500,2024-03-20 21:46:56.987867
128.44,-015.34,-111.16,,Bsef20m500,2024-03-20 21:46:56.991865
128.46,-015.34,-111.15,,Bsef20m500,2024-03-20 21:46:56.995865
128.39,-015.34,-111.15,,Bsef20m500,2024-03-20 21:46:57.002866
128.41,-015.34,-111.14,,Bsef20m500,2024-03-20 21:46:57.006865
128.43,-015.34,-111.14,,Bsef20m500,2024-03-20 21:46:57.010868
128.45,-015.34,-111.13,,Bsef20m500,2024-03-20 21:46:57.015887
128.47,-015.34,-111.12,,Bsef20m500,2024-03-20 21:46:57.020934
128.39,-015.34,-111.11,,Bsef20m500,2024-03-20 21:46:57.023867
128.40,-015.34,-111.10,,Bsef20m500,2024-03-20 21:46:57.027866
128.42,-015.34,-111.09,,Bsef20m500,2024-03-20 21:46:57.033870
128.43,-015.34,-111.09,,Bsef20m500,2024-03-20 21:46:57.038014
128.35,-015.34,-111.09,,Bsef20m500,2024-03-20 21:46:57.043011
128.37,-015.34,-111.08,,Bsef20m500,2024-03-20 21:46:57.047012
128.39,-015.33,-111.08,,Bsef20m500,2024-03-20 21:46:57.054163
128.42,-015.33,-111.08,,Bsef20m500,2024-03-20 21:46:57.058164
128.34,-015.33,-111.08,,Bsef20m500,2024-03-20 21:46:57.063161
128.36,-015.33,-111.08,,Bsef20m500,2024-03-20 21:46:57.069250
128.39,-015.33,-111.08,,Bsef20m500,2024-03-20 21:46:57.074121
128.41,-015.33,-111.09,,Bsef20m500,2024-03-20 21:46:57.076123
128.33,-015.32,-111.08,,Bsef20m500,2024-03-20 21:46:57.081122
128.35,-015.31,-111.08,,Bsef20m500,2024-03-20 21:46:57.087119
128.38,-015.31,-111.09,,Bsef20m500,2024-03-20 21:46:57.091119
128.40,-015.30,-111.09,,Bsef20m500,2024-03-20 21:46:57.098274
128.42,-015.30,-111.09,,Bsef20m500,2024-03-20 21:46:57.105146
128.34,-015.29,-111.09,,Bsef20m500,2024-03-20 21:46:57.110148
128.37,-015.28,-111.10,,Bsef20m500,2024-03-20 21:46:57.115350
128.39,-015.27,-111.10,,Bsef20m500,2024-03-20 21:46:57.121349
128.41,-015.26,-111.10,,Bsef20m500,2024-03-20 21:46:57.125347
128.33,-015.25,-111.10,,Bsef20m500,2024-03-20 21:46:57.129347
128.36,-015.24,-111.11,,Bsef20m500,2024-03-20 21:46:57.135347
128.38,-015.23,-111.11,,Bsef20m500,2024-03-20 21:46:57.140346
128.41,-015.21,-111.11,,Bsef20m500,2024-03-20 21:46:57.143347
128.33,-015.20,-111.11,,Bsef20m500,2024-03-20 21:46:57.146327
128.36,-015.18,-111.11,,Bsef20m500,2024-03-20 21:46:57.152444
128.40,-015.18,-111.11,,Bsef20m500,2024-03-20 21:46:57.156444
128.44,-015.17,-111.10,,Bsef20m500,2024-03-20 21:46:57.160442
128.37,-015.16,-111.10,,Bsef20m500,2024-03-20 21:46:57.165322
128.37,-015.12,-111.13,,Bsef20m500,2024-03-20 21:46:57.171340
128.35,-015.07,-111.17,,Bsef20m500,2024-03-20 21:46:57.176338
128.32,-015.02,-111.18,,Bsef20m500,2024-03-20 21:46:57.181562
128.28,-014.99,-111.17,,Bsef20m500,2024-03-20 21:46:57.187086
128.15,-014.96,-111.16,,Bsef20m500,2024-03-20 21:46:57.191087
128.13,-014.96,-111.14,,Bsef20m500,2024-03-20 21:46:57.196085
128.13,-014.95,-111.12,,Bsef20m500,2024-03-20 21:46:57.202218
128.14,-014.95,-111.10,,Bsef20m500,2024-03-20 21:46:57.206221
128.06,-014.96,-111.08,,Bsef20m500,2024-03-20 21:46:57.210216
128.11,-014.98,-111.06,,Bsef20m500,2024-03-20 21:46:57.221453
128.18,-015.00,-111.05,,Bsef20m500,2024-03-20 21:46:57.228566
128.25,-015.03,-111.05,,Bsef20m500,2024-03-20 21:46:57.235571
128.24,-015.07,-111.05,,Bsef20m500,2024-03-20 21:46:57.240403
128.34,-015.10,-111.06,,Bsef20m500,2024-03-20 21:46:57.243454
128.44,-015.12,-111.07,,Bsef20m500,2024-03-20 21:46:57.246425
128.54,-015.16,-111.09,,Bsef20m500,2024-03-20 21:46:57.253554
128.51,-015.20,-111.12,,Bsef20m500,2024-03-20 21:46:57.257556
128.58,-015.22,-111.16,,Bsef20m500,2024-03-20 21:46:57.264558
128.64,-015.24,-111.19,,Bsef20m500,2024-03-20 21:46:57.269430
128.70,-015.24,-111.22,,Bsef20m500,2024-03-20 21:46:57.271429
128.64,-015.24,-111.25,,Bsef20m500,2024-03-20 21:46:57.276430
128.69,-015.23,-111.28,,Bsef20m500,2024-03-20 21:46:57.280576
128.73,-015.23,-111.30,,Bsef20m500,2024-03-20 21:46:57.288764
128.76,-015.23,-111.30,,Bsef20m500,2024-03-20 21:46:57.294765
128.80,-015.23,-111.29,,Bsef20m500,2024-03-20 21:46:57.302437
128.71,-015.23,-111.28,,Bsef20m500,2024-03-20 21:46:57.307437
128.74,-015.23,-111.28,,Bsef20m500,2024-03-20 21:46:57.312391
128.77,-015.22,-111.28,,Bsef20m500,2024-03-20 21:46:57.319433
128.79,-015.21,-111.29,,Bsef20m500,2024-03-20 21:46:57.323387
128.69,-015.19,-111.30,,Bsef20m500,2024-03-20 21:46:57.328403
128.71,-015.18,-111.32,,Bsef20m500,2024-03-20 21:46:57.335521
128.73,-015.17,-111.34,,Bsef20m500,2024-03-20 21:46:57.339519
128.75,-015.16,-111.35,,Bsef20m500,2024-03-20 21:46:57.345464
128.68,-015.15,-111.36,,Bsef20m500,2024-03-20 21:46:57.352036
128.71,-015.14,-111.37,,Bsef20m500,2024-03-20 21:46:57.356034
128.73,-015.14,-111.38,,Bsef20m500,2024-03-20 21:46:57.361437
128.76,-015.13,-111.39,,Bsef20m500,2024-03-20 21:46:57.367480
128.69,-015.11,-111.40,,Bsef20m500,2024-03-20 21:46:57.372478
128.71,-015.09,-111.42,,Bsef20m500,2024-03-20 21:46:57.378208
128.73,-015.07,-111.43,,Bsef20m500,2024-03-20 21:46:57.383502
128.75,-015.05,-111.45,,Bsef20m500,2024-03-20 21:46:57.388477
128.77,-015.04,-111.46,,Bsef20m500,2024-03-20 21:46:57.392439
128.70,-015.03,-111.47,,Bsef20m500,2024-03-20 21:46:57.398233
128.71,-015.02,-111.49,,Bsef20m500,2024-03-20 21:46:57.405910
128.73,-015.01,-111.50,,Bsef20m500,2024-03-20 21:46:57.411914
128.74,-015.00,-111.52,,Bsef20m500,2024-03-20 21:46:57.419301
128.65,-015.00,-111.53,,Bsef20m500,2024-03-20 21:46:57.423436
128.67,-015.00,-111.55,,Bsef20m500,2024-03-20 21:46:57.427908
128.70,-015.01,-111.56,,Bsef20m500,2024-03-20 21:46:57.434913
128.73,-015.02,-111.57,,Bsef20m500,2024-03-20 21:46:57.438907
128.65,-015.03,-111.59,,Bsef20m500,2024-03-20 21:46:57.444909
128.69,-015.05,-111.61,,Bsef20m500,2024-03-20 21:46:57.451962
128.74,-015.07,-111.63,,Bsef20m500,2024-03-20 21:46:57.456961
128.78,-015.09,-111.65,,Bsef20m500,2024-03-20 21:46:57.461032
128.73,-015.11,-111.67,,Bsef20m500,2024-03-20 21:46:57.467525
128.78,-015.13,-111.69,,Bsef20m500,2024-03-20 21:46:57.472501
128.83,-015.15,-111.72,,Bsef20m500,2024-03-20 21:46:57.476501
128.87,-015.16,-111.74,,Bsef20m500,2024-03-20 21:46:57.482507
128.92,-015.18,-111.76,,Bsef20m500,2024-03-20 21:46:57.487566
128.84,-015.19,-111.77,,Bsef20m500,2024-03-20 21:46:57.492565
128.88,-015.20,-111.79,,Bsef20m500,2024-03-20 21:46:57.496565
128.92,-015.21,-111.80,,Bsef20m500,2024-03-20 21:46:57.503571
128.95,-015.22,-111.81,,Bsef20m500,2024-03-20 21:46:57.509568
128.88,-015.23,-111.82,,Bsef20m500,2024-03-20 21:46:57.517588
128.91,-015.24,-111.82,,Bsef20m500,2024-03-20 21:46:57.523566
128.93,-015.24,-111.82,,Bsef20m500,2024-03-20 21:46:57.619597
128.95,-015.24,-111.82,,Bsef20m500,2024-03-20 21:46:57.625592
128.87,-015.24,-111.81,,Bsef20m500,2024-03-20 21:46:57.630690
128.89,-015.24,-111.80,,Bsef20m500,2024-03-20 21:46:57.667602
128.91,-015.23,-111.79,,Bsef20m500,2024-03-20 21:46:57.672598
128.94,-015.22,-111.78,,Bsef20m500,2024-03-20 21:46:57.676598
128.84,-015.20,-111.76,,Bsef20m500,2024-03-20 21:46:57.682749
128.86,-015.18,-111.75,,Bsef20m500,2024-03-20 21:46:57.688403
128.88,-015.15,-111.74,,Bsef20m500,2024-03-20 21:46:57.692400
128.90,-015.13,-111.74,,Bsef20m500,2024-03-20 21:46:57.697428
128.91,-015.11,-111.73,,Bsef20m500,2024-03-20 21:46:57.704228
128.83,-015.08,-111.73,,Bsef20m500,2024-03-20 21:46:57.708795
128.85,-015.06,-111.74,,Bsef20m500,2024-03-20 21:46:57.714901
128.87,-015.05,-111.75,,Bsef20m500,2024-03-20 21:46:57.720877
128.88,-015.06,-111.77,,Bsef20m500,2024-03-20 21:46:57.727878
128.77,-015.06,-111.81,,Bsef20m500,2024-03-20 21:46:57.732882
128.74,-015.04,-111.89,,Bsef20m500,2024-03-20 21:46:57.738880
128.73,-015.01,-111.89,,Bsef20m500,2024-03-20 21:46:57.743879
128.72,-014.99,-111.86,,Bsef20m500,2024-03-20 21:46:57.749560
128.60,-014.96,-111.83,,Bsef20m500,2024-03-20 21:46:57.755555
128.60,-014.94,-111.82,,Bsef20m500,2024-03-20 21:46:57.760554
128.59,-014.92,-111.82,,Bsef20m500,2024-03-20 21:46:57.765678
128.60,-014.91,-111.83,,Bsef20m500,2024-03-20 21:46:57.769675
128.50,-014.91,-111.84,,Bsef20m500,2024-03-20 21:46:57.774678
128.53,-014.92,-111.85,,Bsef20m500,2024-03-20 21:46:57.778676
128.57,-014.92,-111.85,,Bsef20m500,2024-03-20 21:46:57.785678
128.63,-014.91,-111.84,,Bsef20m500,2024-03-20 21:46:57.789676
128.69,-014.90,-111.80,,Bsef20m500,2024-03-20 21:46:57.795676
128.66,-014.89,-111.74,,Bsef20m500,2024-03-20 21:46:57.802806
128.72,-014.88,-111.68,,Bsef20m500,2024-03-20 21:46:57.806808
128.77,-014.88,-111.63,,Bsef20m500,2024-03-20 21:46:57.810809
128.80,-014.87,-111.60,,Bsef20m500,2024-03-20 21:46:57.816811
128.72,-014.87,-111.59,,Bsef20m500,2024-03-20 21:46:57.822807
128.73,-014.88,-111.59,,Bsef20m500,2024-03-20 21:46:57.827799
128.74,-014.88,-111.59,,Bsef20m500,2024-03-20 21:46:57.833822
128.74,-014.89,-111.58,,Bsef20m500,2024-03-20 21:46:57.839810
128.66,-014.89,-111.56,,Bsef20m500,2024-03-20 21:46:57.855577
128.67,-014.89,-111.52,,Bsef20m500,2024-03-20 21:46:57.871043
128.68,-014.88,-111.43,,Bsef20m500,2024-03-20 21:46:57.880458
128.59,-014.88,-111.39,,Bsef20m500,2024-03-20 21:46:57.889443
128.60,-014.87,-111.37,,Bsef20m500,2024-03-20 21:46:57.893515
128.61,-014.88,-111.36,,Bsef20m500,2024-03-20 21:46:57.898518
128.63,-014.88,-111.35,,Bsef20m500,2024-03-20 21:46:57.903579
128.66,-014.89,-111.36,,Bsef20m500,2024-03-20 21:46:57.907652
128.58,-014.90,-111.38,,Bsef20m500,2024-03-20 21:46:57.911646
128.61,-014.91,-111.39,,Bsef20m500,2024-03-20 21:46:57.918947
128.65,-014.92,-111.41,,Bsef20m500,2024-03-20 21:46:57.922946
128.69,-014.93,-111.43,,Bsef20m500,2024-03-20 21:46:57.927946
128.64,-014.93,-111.44,,Bsef20m500,2024-03-20 21:46:57.933687
128.69,-014.94,-111.45,,Bsef20m500,2024-03-20 21:46:57.939686
128.73,-014.95,-111.46,,Bsef20m500,2024-03-20 21:46:57.945687
128.78,-014.95,-111.46,,Bsef20m500,2024-03-20 21:46:57.955959
128.71,-014.96,-111.47,,Bsef20m500,2024-03-20 21:46:57.961958
128.75,-014.97,-111.47,,Bsef20m500,2024-03-20 21:46:57.969960
128.77,-014.97,-111.48,,Bsef20m500,2024-03-20 21:46:57.976637
128.79,-014.97,-111.48,,Bsef20m500,2024-03-20 21:46:57.981959
128.71,-014.97,-111.49,,Bsef20m500,2024-03-20 21:46:57.989882
128.73,-014.95,-111.49,,Bsef20m500,2024-03-20 21:46:57.995879
128.74,-014.94,-111.49,,Bsef20m500,2024-03-20 21:46:58.003588
128.76,-014.92,-111.49,,Bsef20m500,2024-03-20 21:46:58.008594
128.78,-014.90,-111.49,,Bsef20m500,2024-03-20 21:46:58.013588
128.70,-014.87,-111.48,,Bsef20m500,2024-03-20 21:46:58.021078
128.72,-014.85,-111.47,,Bsef20m500,2024-03-20 21:46:58.026078
128.73,-014.83,-111.46,,Bsef20m500,2024-03-20 21:46:58.029079
128.75,-014.81,-111.47,,Bsef20m500,2024-03-20 21:46:58.036131
128.66,-014.79,-111.48,,Bsef20m500,2024-03-20 21:46:58.041127
128.68,-014.77,-111.49,,Bsef20m500,2024-03-20 21:46:58.046126
128.69,-014.75,-111.51,,Bsef20m500,2024-03-20 21:46:58.054162
128.70,-014.74,-111.52,,Bsef20m500,2024-03-20 21:46:58.059241
128.61,-014.73,-111.54,,Bsef20m500,2024-03-20 21:46:58.064240
128.62,-014.73,-111.56,,Bsef20m500,2024-03-20 21:46:58.072317
128.63,-014.72,-111.57,,Bsef20m500,2024-03-20 21:46:58.077318
128.63,-014.72,-111.57,,Bsef20m500,2024-03-20 21:46:58.085450
128.54,-014.71,-111.57,,Bsef20m500,2024-03-20 21:46:58.091507
128.53,-014.71,-111.58,,Bsef20m500,2024-03-20 21:46:58.097504
128.51,-014.71,-111.60,,Bsef20m500,2024-03-20 21:46:58.105126
128.50,-014.72,-111.62,,Bsef20m500,2024-03-20 21:46:58.111550
128.48,-014.74,-111.63,,Bsef20m500,2024-03-20 21:46:58.118445
128.37,-014.77,-111.65,,Bsef20m500,2024-03-20 21:46:58.124933
128.36,-014.79,-111.66,,Bsef20m500,2024-03-20 21:46:58.130757
128.35,-014.84,-111.67,,Bsef20m500,2024-03-20 21:46:58.139408
128.25,-014.86,-111.66,,Bsef20m500,2024-03-20 21:46:58.143444
128.26,-014.88,-111.65,,Bsef20m500,2024-03-20 21:46:58.147449
128.28,-014.90,-111.64,,Bsef20m500,2024-03-20 21:46:58.154442
128.29,-014.93,-111.63,,Bsef20m500,2024-03-20 21:46:58.158442
128.21,-014.95,-111.61,,Bsef20m500,2024-03-20 21:46:58.162442
128.24,-014.98,-111.58,,Bsef20m500,2024-03-20 21:46:58.169445
128.26,-015.01,-111.55,,Bsef20m500,2024-03-20 21:46:58.171444
128.29,-015.03,-111.53,,Bsef20m500,2024-03-20 21:46:58.179164
128.22,-015.06,-111.51,,Bsef20m500,2024-03-20 21:46:58.185215
128.25,-015.09,-111.50,,Bsef20m500,2024-03-20 21:46:58.188214
128.28,-015.12,-111.47,,Bsef20m500,2024-03-20 21:46:58.195422
128.31,-015.16,-111.44,,Bsef20m500,2024-03-20 21:46:58.199416
128.24,-015.20,-111.40,,Bsef20m500,2024-03-20 21:46:58.205418
128.28,-015.23,-111.36,,Bsef20m500,2024-03-20 21:46:58.209461
128.31,-015.27,-111.31,,Bsef20m500,2024-03-20 21:46:58.214461
128.33,-015.30,-111.27,,Bsef20m500,2024-03-20 21:46:58.220461
128.35,-015.33,-111.24,,Bsef20m500,2024-03-20 21:46:58.226538
128.26,-015.38,-111.21,,Bsef20m500,2024-03-20 21:46:58.232705
128.28,-015.44,-111.16,,Bsef20m500,2024-03-20 21:46:58.237700
128.32,-015.50,-110.99,,Bsef20m500,2024-03-20 21:46:58.246005
128.24,-015.47,-110.88,,Bsef20m500,2024-03-20 21:46:58.251146
128.24,-015.44,-110.81,,Bsef20m500,2024-03-20 21:46:58.256704
128.23,-015.42,-110.75,,Bsef20m500,2024-03-20 21:46:58.260700
128.22,-015.42,-110.70,,Bsef20m500,2024-03-20 21:46:58.264700
128.11,-015.45,-110.65,,Bsef20m500,2024-03-20 21:46:58.270105
128.10,-015.48,-110.58,,Bsef20m500,2024-03-20 21:46:58.274240
128.09,-015.52,-110.48,,Bsef20m500,2024-03-20 21:46:58.278293
128.07,-015.54,-110.39,,Bsef20m500,2024-03-20 21:46:58.283294
127.96,-015.55,-110.30,,Bsef20m500,2024-03-20 21:46:58.289426
127.94,-015.55,-110.21,,Bsef20m500,2024-03-20 21:46:58.293293
127.91,-015.57,-110.11,,Bsef20m500,2024-03-20 21:46:58.298328
127.89,-015.59,-110.00,,Bsef20m500,2024-03-20 21:46:58.303383
127.86,-015.62,-109.89,,Bsef20m500,2024-03-20 21:46:58.308382
127.75,-015.65,-109.78,,Bsef20m500,2024-03-20 21:46:58.312381
127.73,-015.69,-109.67,,Bsef20m500,2024-03-20 21:46:58.318444
127.70,-015.73,-109.56,,Bsef20m500,2024-03-20 21:46:58.323440
127.67,-015.76,-109.47,,Bsef20m500,2024-03-20 21:46:58.328439
127.54,-015.80,-109.38,,Bsef20m500,2024-03-20 21:46:58.333508
127.50,-015.84,-109.28,,Bsef20m500,2024-03-20 21:46:58.338726
127.46,-015.88,-109.18,,Bsef20m500,2024-03-20 21:46:58.345709
127.42,-015.92,-109.10,,Bsef20m500,2024-03-20 21:46:58.349284
127.28,-015.95,-109.01,,Bsef20m500,2024-03-20 21:46:58.354283
127.23,-015.99,-108.91,,Bsef20m500,2024-03-20 21:46:58.361586
127.18,-016.03,-108.82,,Bsef20m500,2024-03-20 21:46:58.367230
127.13,-016.07,-108.72,,Bsef20m500,2024-03-20 21:46:58.372863
126.98,-016.12,-108.64,,Bsef20m500,2024-03-20 21:46:58.376862
126.92,-016.15,-108.58,,Bsef20m500,2024-03-20 21:46:58.381863
126.86,-016.19,-108.51,,Bsef20m500,2024-03-20 21:46:58.387866
126.82,-016.24,-108.44,,Bsef20m500,2024-03-20 21:46:58.393866
126.77,-016.28,-108.37,,Bsef20m500,2024-03-20 21:46:58.398866
126.62,-016.32,-108.32,,Bsef20m500,2024-03-20 21:46:58.404862
126.57,-016.37,-108.27,,Bsef20m500,2024-03-20 21:46:58.412863
126.54,-016.42,-108.21,,Bsef20m500,2024-03-20 21:46:58.418690
126.51,-016.47,-108.14,,Bsef20m500,2024-03-20 21:46:58.422677
126.39,-016.52,-108.06,,Bsef20m500,2024-03-20 21:46:58.427680
126.38,-016.57,-107.99,,Bsef20m500,2024-03-20 21:46:58.432679
126.37,-016.62,-107.90,,Bsef20m500,2024-03-20 21:46:58.439682
126.36,-016.69,-107.82,,Bsef20m500,2024-03-20 21:46:58.444678
126.25,-016.75,-107.75,,Bsef20m500,2024-03-20 21:46:58.449709
126.25,-016.83,-107.67,,Bsef20m500,2024-03-20 21:46:58.454707
126.25,-016.90,-107.59,,Bsef20m500,2024-03-20 21:46:58.459707
126.26,-016.98,-107.52,,Bsef20m500,2024-03-20 21:46:58.463994
126.15,-017.06,-107.45,,Bsef20m500,2024-03-20 21:46:58.470127
126.15,-017.14,-107.41,,Bsef20m500,2024-03-20 21:46:58.474402
126.14,-017.22,-107.36,,Bsef20m500,2024-03-20 21:46:58.479347
126.13,-017.31,-107.31,,Bsef20m500,2024-03-20 21:46:58.485854
126.12,-017.39,-107.27,,Bsef20m500,2024-03-20 21:46:58.488532
126.00,-017.47,-107.24,,Bsef20m500,2024-03-20 21:46:58.493533
125.99,-017.54,-107.21,,Bsef20m500,2024-03-20 21:46:58.497534
125.98,-017.61,-107.17,,Bsef20m500,2024-03-20 21:46:58.503534
125.97,-017.67,-107.12,,Bsef20m500,2024-03-20 21:46:58.508534
125.86,-017.73,-107.08,,Bsef20m500,2024-03-20 21:46:58.515959
125.85,-017.79,-107.05,,Bsef20m500,2024-03-20 21:46:58.520960
125.84,-017.84,-107.01,,Bsef20m500,2024-03-20 21:46:58.528961
125.82,-017.88,-106.98,,Bsef20m500,2024-03-20 21:46:58.534932
125.72,-017.93,-106.95,,Bsef20m500,2024-03-20 21:46:58.539928
125.71,-017.99,-106.92,,Bsef20m500,2024-03-20 21:46:58.543929
125.70,-018.05,-106.90,,Bsef20m500,2024-03-20 21:46:58.548927
125.69,-018.11,-106.87,,Bsef20m500,2024-03-20 21:46:58.555570
125.58,-018.18,-106.83,,Bsef20m500,2024-03-20 21:46:58.558926
125.58,-018.25,-106.79,,Bsef20m500,2024-03-20 21:46:58.562926
125.58,-018.33,-106.75,,Bsef20m500,2024-03-20 21:46:58.569672
125.57,-018.42,-106.71,,Bsef20m500,2024-03-20 21:46:58.573244
125.58,-018.50,-106.66,,Bsef20m500,2024-03-20 21:46:58.578244
125.48,-018.59,-106.61,,Bsef20m500,2024-03-20 21:46:58.583246
125.48,-018.67,-106.56,,Bsef20m500,2024-03-20 21:46:58.588670
125.48,-018.76,-106.51,,Bsef20m500,2024-03-20 21:46:58.593671
125.48,-018.83,-106.47,,Bsef20m500,2024-03-20 21:46:58.598672
125.37,-018.91,-106.44,,Bsef20m500,2024-03-20 21:46:58.604916
125.36,-018.98,-106.41,,Bsef20m500,2024-03-20 21:46:58.609672
125.35,-019.05,-106.38,,Bsef20m500,2024-03-20 21:46:58.613971
125.35,-019.12,-106.35,,Bsef20m500,2024-03-20 21:46:58.620672
125.22,-019.19,-106.32,,Bsef20m500,2024-03-20 21:46:58.623672
125.21,-019.26,-106.30,,Bsef20m500,2024-03-20 21:46:58.627673
125.20,-019.32,-106.27,,Bsef20m500,2024-03-20 21:46:58.633169
125.19,-019.38,-106.24,,Bsef20m500,2024-03-20 21:46:58.638720
125.08,-019.44,-106.22,,Bsef20m500,2024-03-20 21:46:58.642720
125.06,-019.50,-106.19,,Bsef20m500,2024-03-20 21:46:58.647721
125.05,-019.56,-106.17,,Bsef20m500,2024-03-20 21:46:58.653721
125.04,-019.61,-106.15,,Bsef20m500,2024-03-20 21:46:58.657722
125.02,-019.66,-106.13,,Bsef20m500,2024-03-20 21:46:58.662719
124.91,-019.71,-106.11,,Bsef20m500,2024-03-20 21:46:58.669122
124.90,-019.77,-106.09,,Bsef20m500,2024-03-20 21:46:58.674108
124.89,-019.82,-106.07,,Bsef20m500,2024-03-20 21:46:58.679107
124.88,-019.87,-106.06,,Bsef20m500,2024-03-20 21:46:58.683109
124.76,-019.91,-106.04,,Bsef20m500,2024-03-20 21:46:58.688705
124.75,-019.95,-106.02,,Bsef20m500,2024-03-20 21:46:58.693107
124.75,-019.99,-105.99,,Bsef20m500,2024-03-20 21:46:58.697325
124.74,-020.03,-105.97,,Bsef20m500,2024-03-20 21:46:58.703109
124.62,-020.06,-105.94,,Bsef20m500,2024-03-20 21:46:58.707878
124.61,-020.10,-105.91,,Bsef20m500,2024-03-20 21:46:58.712215
124.61,-020.13,-105.89,,Bsef20m500,2024-03-20 21:46:58.716214
124.60,-020.17,-105.86,,Bsef20m500,2024-03-20 21:46:58.722466
124.48,-020.21,-105.85,,Bsef20m500,2024-03-20 21:46:58.727500
124.47,-020.25,-105.84,,Bsef20m500,2024-03-20 21:46:58.731591
124.46,-020.28,-105.83,,Bsef20m500,2024-03-20 21:46:58.737941
124.46,-020.32,-105.80,,Bsef20m500,2024-03-20 21:46:58.741944
124.45,-020.36,-105.78,,Bsef20m500,2024-03-20 21:46:58.746942
124.35,-020.40,-105.76,,Bsef20m500,2024-03-20 21:46:58.753943
124.34,-020.43,-105.75,,Bsef20m500,2024-03-20 21:46:58.757942
124.32,-020.46,-105.75,,Bsef20m500,2024-03-20 21:46:58.761944
124.31,-020.49,-105.74,,Bsef20m500,2024-03-20 21:46:58.768262
124.19,-020.52,-105.73,,Bsef20m500,2024-03-20 21:46:58.772518
124.18,-020.55,-105.72,,Bsef20m500,2024-03-20 21:46:58.777520
124.18,-020.58,-105.71,,Bsef20m500,2024-03-20 21:46:58.780667
124.17,-020.61,-105.70,,Bsef20m500,2024-03-20 21:46:58.786588
124.06,-020.64,-105.69,,Bsef20m500,2024-03-20 21:46:58.791640
124.07,-020.68,-105.68,,Bsef20m500,2024-03-20 21:46:58.796639
124.08,-020.71,-105.66,,Bsef20m500,2024-03-20 21:46:58.802644
124.09,-020.75,-105.64,,Bsef20m500,2024-03-20 21:46:58.807639
123.99,-020.79,-105.62,,Bsef20m500,2024-03-20 21:46:58.813970
124.01,-020.84,-105.60,,Bsef20m500,2024-03-20 21:46:58.820003
124.03,-020.88,-105.58,,Bsef20m500,2024-03-20 21:46:58.824002
124.06,-020.92,-105.56,,Bsef20m500,2024-03-20 21:46:58.828389
124.08,-020.96,-105.55,,Bsef20m500,2024-03-20 21:46:58.833474
123.99,-021.01,-105.55,,Bsef20m500,2024-03-20 21:46:58.839003
124.01,-021.06,-105.54,,Bsef20m500,2024-03-20 21:46:58.843001
124.03,-021.11,-105.52,,Bsef20m500,2024-03-20 21:46:58.848002
124.06,-021.15,-105.50,,Bsef20m500,2024-03-20 21:46:58.854053
123.97,-021.20,-105.50,,Bsef20m500,2024-03-20 21:46:58.857001
123.99,-021.24,-105.50,,Bsef20m500,2024-03-20 21:46:58.861000
124.00,-021.27,-105.49,,Bsef20m500,2024-03-20 21:46:58.865002
124.02,-021.31,-105.48,,Bsef20m500,2024-03-20 21:46:58.872459
123.92,-021.35,-105.48,,Bsef20m500,2024-03-20 21:46:58.876535
123.94,-021.38,-105.48,,Bsef20m500,2024-03-20 21:46:58.881536
123.95,-021.42,-105.48,,Bsef20m500,2024-03-20 21:46:58.888536
123.97,-021.45,-105.49,,Bsef20m500,2024-03-20 21:46:58.893536
123.86,-021.47,-105.49,,Bsef20m500,2024-03-20 21:46:58.898645
123.88,-021.49,-105.51,,Bsef20m500,2024-03-20 21:46:58.903642
123.90,-021.51,-105.52,,Bsef20m500,2024-03-20 21:46:58.911010
123.92,-021.53,-105.53,,Bsef20m500,2024-03-20 21:46:58.916029
123.83,-021.56,-105.53,,Bsef20m500,2024-03-20 21:46:58.921101
123.86,-021.58,-105.53,,Bsef20m500,2024-03-20 21:46:58.929104
123.89,-021.60,-105.54,,Bsef20m500,2024-03-20 21:46:58.932102
123.92,-021.63,-105.55,,Bsef20m500,2024-03-20 21:46:58.938441
123.95,-021.66,-105.56,,Bsef20m500,2024-03-20 21:46:58.942102
123.86,-021.69,-105.56,,Bsef20m500,2024-03-20 21:46:58.964995
123.89,-021.72,-105.56,,Bsef20m500,2024-03-20 21:46:58.986581
123.92,-021.75,-105.57,,Bsef20m500,2024-03-20 21:46:58.991579
123.94,-021.78,-105.58,,Bsef20m500,2024-03-20 21:46:58.997312
123.84,-021.79,-105.59,,Bsef20m500,2024-03-20 21:46:59.003583
123.86,-021.80,-105.61,,Bsef20m500,2024-03-20 21:46:59.009580
123.87,-021.80,-105.62,,Bsef20m500,2024-03-20 21:46:59.014580
123.89,-021.81,-105.63,,Bsef20m500,2024-03-20 21:46:59.020578
123.82,-021.83,-105.63,,Bsef20m500,2024-03-20 21:46:59.028620
123.83,-021.84,-105.62,,Bsef20m500,2024-03-20 21:46:59.034622
123.85,-021.86,-105.61,,Bsef20m500,2024-03-20 21:46:59.039618
123.76,-021.89,-105.60,,Bsef20m500,2024-03-20 21:46:59.046343
123.78,-021.91,-105.59,,Bsef20m500,2024-03-20 21:46:59.052198
123.80,-021.94,-105.59,,Bsef20m500,2024-03-20 21:46:59.057199
123.82,-021.96,-105.59,,Bsef20m500,2024-03-20 21:46:59.064160
123.83,-021.99,-105.58,,Bsef20m500,2024-03-20 21:46:59.070332
123.75,-022.02,-105.57,,Bsef20m500,2024-03-20 21:46:59.074331
123.77,-022.06,-105.55,,Bsef20m500,2024-03-20 21:46:59.079331
123.79,-022.09,-105.54,,Bsef20m500,2024-03-20 21:46:59.085365
123.82,-022.13,-105.52,,Bsef20m500,2024-03-20 21:46:59.090490
123.74,-022.17,-105.50,,Bsef20m500,2024-03-20 21:46:59.097491
123.77,-022.21,-105.48,,Bsef20m500,2024-03-20 21:46:59.103490
123.79,-022.25,-105.47,,Bsef20m500,2024-03-20 21:46:59.108493
123.82,-022.29,-105.46,,Bsef20m500,2024-03-20 21:46:59.116492
123.73,-022.33,-105.46,,Bsef20m500,2024-03-20 21:46:59.121769
123.76,-022.39,-105.47,,Bsef20m500,2024-03-20 21:46:59.127769
123.79,-022.44,-105.46,,Bsef20m500,2024-03-20 21:46:59.133960
123.84,-022.46,-105.42,,Bsef20m500,2024-03-20 21:46:59.141223
123.78,-022.47,-105.39,,Bsef20m500,2024-03-20 21:46:59.147393
123.82,-022.46,-105.39,,Bsef20m500,2024-03-20 21:46:59.154393
123.86,-022.44,-105.40,,Bsef20m500,2024-03-20 21:46:59.159865
123.88,-022.44,-105.44,,Bsef20m500,2024-03-20 21:46:59.165655
123.91,-022.46,-105.47,,Bsef20m500,2024-03-20 21:46:59.172652
123.82,-022.50,-105.51,,Bsef20m500,2024-03-20 21:46:59.181715
123.87,-022.54,-105.52,,Bsef20m500,2024-03-20 21:46:59.188764
123.92,-022.57,-105.51,,Bsef20m500,2024-03-20 21:46:59.196820
123.98,-022.59,-105.51,,Bsef20m500,2024-03-20 21:46:59.204821
123.92,-022.60,-105.50,,Bsef20m500,2024-03-20 21:46:59.210819
123.97,-022.61,-105.50,,Bsef20m500,2024-03-20 21:46:59.215914
124.02,-022.61,-105.51,,Bsef20m500,2024-03-20 21:46:59.220906
124.07,-022.62,-105.51,,Bsef20m500,2024-03-20 21:46:59.230039
123.99,-022.63,-105.52,,Bsef20m500,2024-03-20 21:46:59.237108
124.04,-022.64,-105.54,,Bsef20m500,2024-03-20 21:46:59.241106
124.09,-022.66,-105.56,,Bsef20m500,2024-03-20 21:46:59.251284
124.14,-022.67,-105.57,,Bsef20m500,2024-03-20 21:46:59.258284
124.07,-022.69,-105.58,,Bsef20m500,2024-03-20 21:46:59.263330
124.11,-022.70,-105.60,,Bsef20m500,2024-03-20 21:46:59.270990
124.15,-022.71,-105.62,,Bsef20m500,2024-03-20 21:46:59.276416
124.19,-022.72,-105.64,,Bsef20m500,2024-03-20 21:46:59.282417
124.23,-022.72,-105.65,,Bsef20m500,2024-03-20 21:46:59.289418
124.16,-022.72,-105.67,,Bsef20m500,2024-03-20 21:46:59.294419
124.19,-022.71,-105.68,,Bsef20m500,2024-03-20 21:46:59.301940
124.22,-022.70,-105.69,,Bsef20m500,2024-03-20 21:46:59.307985
124.25,-022.69,-105.70,,Bsef20m500,2024-03-20 21:46:59.312984
124.16,-022.68,-105.71,,Bsef20m500,2024-03-20 21:46:59.318692
124.19,-022.67,-105.72,,Bsef20m500,2024-03-20 21:46:59.325984
124.21,-022.66,-105.73,,Bsef20m500,2024-03-20 21:46:59.331182
124.24,-022.64,-105.74,,Bsef20m500,2024-03-20 21:46:59.339244
124.14,-022.62,-105.76,,Bsef20m500,2024-03-20 21:46:59.348582
124.16,-022.61,-105.78,,Bsef20m500,2024-03-20 21:46:59.356686
124.18,-022.59,-105.81,,Bsef20m500,2024-03-20 21:46:59.363769
124.19,-022.57,-105.83,,Bsef20m500,2024-03-20 21:46:59.369767
124.09,-022.55,-105.86,,Bsef20m500,2024-03-20 21:46:59.373765
124.11,-022.52,-105.88,,Bsef20m500,2024-03-20 21:46:59.380798
124.12,-022.50,-105.91,,Bsef20m500,2024-03-20 21:46:59.386804
124.14,-022.47,-105.94,,Bsef20m500,2024-03-20 21:46:59.393895
124.16,-022.44,-105.98,,Bsef20m500,2024-03-20 21:46:59.397893
124.06,-022.41,-106.01,,Bsef20m500,2024-03-20 21:46:59.403893
124.08,-022.37,-106.05,,Bsef20m500,2024-03-20 21:46:59.408893
124.10,-022.34,-106.08,,Bsef20m500,2024-03-20 21:46:59.412893
124.11,-022.30,-106.13,,Bsef20m500,2024-03-20 21:46:59.418898
124.02,-022.27,-106.16,,Bsef20m500,2024-03-20 21:46:59.423895
124.04,-022.24,-106.19,,Bsef20m500,2024-03-20 21:46:59.427896
124.06,-022.22,-106.22,,Bsef20m500,2024-03-20 21:46:59.431897
124.08,-022.18,-106.26,,Bsef20m500,2024-03-20 21:46:59.438002
124.00,-022.15,-106.28,,Bsef20m500,2024-03-20 21:46:59.442005
124.03,-022.13,-106.30,,Bsef20m500,2024-03-20 21:46:59.445001
124.06,-022.10,-106.31,,Bsef20m500,2024-03-20 21:46:59.451256
124.09,-022.07,-106.33,,Bsef20m500,2024-03-20 21:46:59.457002
124.02,-022.05,-106.35,,Bsef20m500,2024-03-20 21:46:59.462345
124.05,-022.02,-106.37,,Bsef20m500,2024-03-20 21:46:59.468004
124.08,-021.98,-106.39,,Bsef20m500,2024-03-20 21:46:59.472002
124.10,-021.95,-106.40,,Bsef20m500,2024-03-20 21:46:59.479105
124.13,-021.92,-106.42,,Bsef20m500,2024-03-20 21:46:59.485007
124.06,-021.88,-106.45,,Bsef20m500,2024-03-20 21:46:59.489002
124.08,-021.83,-106.48,,Bsef20m500,2024-03-20 21:46:59.496002
124.11,-021.78,-106.50,,Bsef20m500,2024-03-20 21:46:59.503032
124.13,-021.74,-106.52,,Bsef20m500,2024-03-20 21:46:59.507059
124.06,-021.70,-106.53,,Bsef20m500,2024-03-20 21:46:59.511818
124.08,-021.66,-106.54,,Bsef20m500,2024-03-20 21:46:59.516060
124.12,-021.62,-106.55,,Bsef20m500,2024-03-20 21:46:59.522229
124.15,-021.58,-106.56,,Bsef20m500,2024-03-20 21:46:59.526371
124.07,-021.54,-106.56,,Bsef20m500,2024-03-20 21:46:59.531230
124.10,-021.51,-106.57,,Bsef20m500,2024-03-20 21:46:59.535233
124.14,-021.49,-106.57,,Bsef20m500,2024-03-20 21:46:59.540230
124.17,-021.46,-106.57,,Bsef20m500,2024-03-20 21:46:59.546392
124.11,-021.44,-106.55,,Bsef20m500,2024-03-20 21:46:59.552522
124.14,-021.42,-106.54,,Bsef20m500,2024-03-20 21:46:59.556371
124.18,-021.40,-106.53,,Bsef20m500,2024-03-20 21:46:59.561392
124.21,-021.37,-106.51,,Bsef20m500,2024-03-20 21:46:59.565393
124.25,-021.35,-106.50,,Bsef20m500,2024-03-20 21:46:59.572394
124.16,-021.32,-106.49,,Bsef20m500,2024-03-20 21:46:59.577529
124.19,-021.30,-106.48,,Bsef20m500,2024-03-20 21:46:59.583478
124.22,-021.27,-106.47,,Bsef20m500,2024-03-20 21:46:59.588476
124.25,-021.25,-106.46,,Bsef20m500,2024-03-20 21:46:59.593462
124.16,-021.23,-106.45,,Bsef20m500,2024-03-20 21:46:59.598477
124.19,-021.22,-106.44,,Bsef20m500,2024-03-20 21:46:59.603538
124.21,-021.21,-106.44,,Bsef20m500,2024-03-20 21:46:59.608536
124.23,-021.19,-106.45,,Bsef20m500,2024-03-20 21:46:59.614939
124.16,-021.17,-106.46,,Bsef20m500,2024-03-20 21:46:59.621603
124.18,-021.16,-106.47,,Bsef20m500,2024-03-20 21:46:59.625603
124.20,-021.14,-106.48,,Bsef20m500,2024-03-20 21:46:59.628603
124.23,-021.12,-106.49,,Bsef20m500,2024-03-20 21:46:59.634428
124.16,-021.10,-106.50,,Bsef20m500,2024-03-20 21:46:59.639501
124.18,-021.08,-106.50,,Bsef20m500,2024-03-20 21:46:59.643501
124.20,-021.06,-106.51,,Bsef20m500,2024-03-20 21:46:59.648615
124.23,-021.04,-106.52,,Bsef20m500,2024-03-20 21:46:59.655614
124.14,-021.03,-106.52,,Bsef20m500,2024-03-20 21:46:59.660615
124.16,-021.01,-106.51,,Bsef20m500,2024-03-20 21:46:59.665703
124.19,-021.00,-106.49,,Bsef20m500,2024-03-20 21:46:59.671318
124.21,-021.00,-106.49,,Bsef20m500,2024-03-20 21:46:59.675459
124.23,-021.00,-106.49,,Bsef20m500,2024-03-20 21:46:59.680316
124.15,-021.00,-106.48,,Bsef20m500,2024-03-20 21:46:59.686448
124.17,-021.00,-106.47,,Bsef20m500,2024-03-20 21:46:59.691505
124.18,-021.01,-106.45,,Bsef20m500,2024-03-20 21:46:59.696504
124.19,-021.01,-106.44,,Bsef20m500,2024-03-20 21:46:59.702509
124.10,-021.01,-106.43,,Bsef20m500,2024-03-20 21:46:59.706502
124.11,-021.01,-106.42,,Bsef20m500,2024-03-20 21:46:59.713502
124.12,-021.02,-106.40,,Bsef20m500,2024-03-20 21:46:59.719502
124.12,-021.02,-106.38,,Bsef20m500,2024-03-20 21:46:59.724505
124.02,-021.03,-106.37,,Bsef20m500,2024-03-20 21:46:59.728502
124.02,-021.03,-106.36,,Bsef20m500,2024-03-20 21:46:59.733518
124.03,-021.04,-106.36,,Bsef20m500,2024-03-20 21:46:59.737503
124.03,-021.04,-106.37,,Bsef20m500,2024-03-20 21:46:59.745035
123.94,-021.04,-106.38,,Bsef20m500,2024-03-20 21:46:59.750035
123.95,-021.05,-106.39,,Bsef20m500,2024-03-20 21:46:59.755034
123.96,-021.05,-106.41,,Bsef20m500,2024-03-20 21:46:59.762488
123.98,-021.05,-106.41,,Bsef20m500,2024-03-20 21:46:59.768404
124.00,-021.06,-106.41,,Bsef20m500,2024-03-20 21:46:59.774329
123.90,-021.06,-106.41,,Bsef20m500,2024-03-20 21:46:59.779329
123.92,-021.07,-106.42,,Bsef20m500,2024-03-20 21:46:59.785330
123.94,-021.08,-106.42,,Bsef20m500,2024-03-20 21:46:59.790330
123.96,-021.09,-106.42,,Bsef20m500,2024-03-20 21:46:59.798648
123.89,-021.09,-106.43,,Bsef20m500,2024-03-20 21:46:59.805645
123.91,-021.10,-106.44,,Bsef20m500,2024-03-20 21:46:59.808645
123.93,-021.11,-106.44,,Bsef20m500,2024-03-20 21:46:59.817167
123.95,-021.12,-106.45,,Bsef20m500,2024-03-20 21:46:59.823200
123.86,-021.12,-106.46,,Bsef20m500,2024-03-20 21:46:59.827202
123.88,-021.13,-106.47,,Bsef20m500,2024-03-20 21:46:59.832200
123.91,-021.14,-106.47,,Bsef20m500,2024-03-20 21:46:59.838227
123.93,-021.14,-106.47,,Bsef20m500,2024-03-20 21:46:59.845272
123.85,-021.15,-106.47,,Bsef20m500,2024-03-20 21:46:59.852272
123.87,-021.15,-106.47,,Bsef20m500,2024-03-20 21:46:59.862673
123.89,-021.16,-106.47,,Bsef20m500,2024-03-20 21:46:59.869583
123.91,-021.17,-106.48,,Bsef20m500,2024-03-20 21:46:59.876265
123.82,-021.18,-106.56,,Bsef20m500,2024-03-20 21:46:59.888199
123.80,-021.20,-106.61,,Bsef20m500,2024-03-20 21:46:59.894827
123.74,-021.22,-106.65,,Bsef20m500,2024-03-20 21:46:59.902829
123.66,-021.24,-106.67,,Bsef20m500,2024-03-20 21:46:59.909810
123.45,-021.25,-106.68,,Bsef20m500,2024-03-20 21:46:59.915050
123.35,-021.25,-106.70,,Bsef20m500,2024-03-20 21:46:59.923584
123.25,-021.24,-106.73,,Bsef20m500,2024-03-20 21:46:59.927583
123.17,-021.25,-106.77,,Bsef20m500,2024-03-20 21:46:59.936701
123.02,-021.29,-106.82,,Bsef20m500,2024-03-20 21:46:59.940877
123.00,-021.32,-106.86,,Bsef20m500,2024-03-20 21:46:59.945875
123.02,-021.34,-106.88,,Bsef20m500,2024-03-20 21:46:59.952877
123.04,-021.35,-106.89,,Bsef20m500,2024-03-20 21:46:59.959416
122.95,-021.32,-106.90,,Bsef20m500,2024-03-20 21:46:59.966124
122.99,-021.30,-106.89,,Bsef20m500,2024-03-20 21:46:59.972122
123.06,-021.30,-106.88,,Bsef20m500,2024-03-20 21:46:59.980170
123.15,-021.32,-106.88,,Bsef20m500,2024-03-20 21:46:59.986172
123.28,-021.36,-106.88,,Bsef20m500,2024-03-20 21:46:59.991170
123.35,-021.39,-106.90,,Bsef20m500,2024-03-20 21:46:59.996225
123.52,-021.44,-106.94,,Bsef20m500,2024-03-20 21:47:00.003228
123.69,-021.51,-107.00,,Bsef20m500,2024-03-20 21:47:00.011722
123.85,-021.58,-107.06,,Bsef20m500,2024-03-20 21:47:00.024284
123.90,-021.66,-107.12,,Bsef20m500,2024-03-20 21:47:00.033897
124.02,-021.73,-107.17,,Bsef20m500,2024-03-20 21:47:00.045570
124.12,-021.80,-107.21,,Bsef20m500,2024-03-20 21:47:00.055563
124.19,-021.86,-107.24,,Bsef20m500,2024-03-20 21:47:00.065349
124.15,-021.91,-107.26,,Bsef20m500,2024-03-20 21:47:00.075280
124.20,-021.94,-107.27,,Bsef20m500,2024-03-20 21:47:00.083656
124.23,-021.96,-107.28,,Bsef20m500,2024-03-20 21:47:00.092048
124.25,-021.97,-107.27,,Bsef20m500,2024-03-20 21:47:00.104376
124.16,-021.96,-107.25,,Bsef20m500,2024-03-20 21:47:00.111347
124.16,-021.94,-107.22,,Bsef20m500,2024-03-20 21:47:00.120418
124.15,-021.89,-107.19,,Bsef20m500,2024-03-20 21:47:00.131480
124.13,-021.84,-107.15,,Bsef20m500,2024-03-20 21:47:00.142522
124.12,-021.78,-107.09,,Bsef20m500,2024-03-20 21:47:00.155294
123.99,-021.72,-107.04,,Bsef20m500,2024-03-20 21:47:00.166211
123.98,-021.67,-107.00,,Bsef20m500,2024-03-20 21:47:00.179328
123.97,-021.63,-106.95,,Bsef20m500,2024-03-20 21:47:00.187633
123.97,-021.60,-106.91,,Bsef20m500,2024-03-20 21:47:00.195680
123.87,-021.58,-106.88,,Bsef20m500,2024-03-20 21:47:00.203125
123.88,-021.58,-106.85,,Bsef20m500,2024-03-20 21:47:00.206123
123.88,-021.57,-106.83,,Bsef20m500,2024-03-20 21:47:00.210127
123.88,-021.57,-106.82,,Bsef20m500,2024-03-20 21:47:00.216124
123.77,-021.57,-106.82,,Bsef20m500,2024-03-20 21:47:00.224780
123.78,-021.57,-106.83,,Bsef20m500,2024-03-20 21:47:00.229109
123.79,-021.57,-106.84,,Bsef20m500,2024-03-20 21:47:00.236883
123.81,-021.58,-106.86,,Bsef20m500,2024-03-20 21:47:00.242875
123.72,-021.58,-106.87,,Bsef20m500,2024-03-20 21:47:00.249304
123.75,-021.58,-106.88,,Bsef20m500,2024-03-20 21:47:00.257708
123.77,-021.58,-106.89,,Bsef20m500,2024-03-20 21:47:00.262707
123.80,-021.58,-106.89,,Bsef20m500,2024-03-20 21:47:00.272469
123.82,-021.57,-106.89,,Bsef20m500,2024-03-20 21:47:00.279862
123.74,-021.56,-106.90,,Bsef20m500,2024-03-20 21:47:00.287222
123.77,-021.55,-106.91,,Bsef20m500,2024-03-20 21:47:00.293052
123.79,-021.53,-106.92,,Bsef20m500,2024-03-20 21:47:00.299053
123.81,-021.52,-106.93,,Bsef20m500,2024-03-20 21:47:00.308143
123.72,-021.51,-106.93,,Bsef20m500,2024-03-20 21:47:00.319307
123.74,-021.49,-106.93,,Bsef20m500,2024-03-20 21:47:00.324139
123.76,-021.47,-106.93,,Bsef20m500,2024-03-20 21:47:00.334160
123.78,-021.45,-106.93,,Bsef20m500,2024-03-20 21:47:00.342903
123.68,-021.43,-106.93,,Bsef20m500,2024-03-20 21:47:00.348482
123.70,-021.41,-106.93,,Bsef20m500,2024-03-20 21:47:00.358481
123.71,-021.39,-106.92,,Bsef20m500,2024-03-20 21:47:00.386052
123.72,-021.37,-106.93,,Bsef20m500,2024-03-20 21:47:00.394101
123.63,-021.34,-106.92,,Bsef20m500,2024-03-20 21:47:00.398103
123.64,-021.32,-106.92,,Bsef20m500,2024-03-20 21:47:00.407099
123.64,-021.30,-106.91,,Bsef20m500,2024-03-20 21:47:00.418549
123.65,-021.28,-106.89,,Bsef20m500,2024-03-20 21:47:00.427563
123.66,-021.25,-106.88,,Bsef20m500,2024-03-20 21:47:00.439638
123.57,-021.23,-106.87,,Bsef20m500,2024-03-20 21:47:00.444966
123.57,-021.21,-106.86,,Bsef20m500,2024-03-20 21:47:00.455455
123.58,-021.19,-106.86,,Bsef20m500,2024-03-20 21:47:00.462557
123.59,-021.18,-106.85,,Bsef20m500,2024-03-20 21:47:00.475301
123.51,-021.16,-106.84,,Bsef20m500,2024-03-20 21:47:00.481836
123.52,-021.15,-106.83,,Bsef20m500,2024-03-20 21:47:00.491832
123.54,-021.13,-106.81,,Bsef20m500,2024-03-20 21:47:00.501834
123.55,-021.12,-106.80,,Bsef20m500,2024-03-20 21:47:00.505832
123.46,-021.10,-106.79,,Bsef20m500,2024-03-20 21:47:00.518971
123.48,-021.09,-106.78,,Bsef20m500,2024-03-20 21:47:00.530565
123.50,-021.08,-106.77,,Bsef20m500,2024-03-20 21:47:00.538979
123.52,-021.08,-106.75,,Bsef20m500,2024-03-20 21:47:00.544570
123.44,-021.09,-106.72,,Bsef20m500,2024-03-20 21:47:00.554122
123.46,-021.09,-106.71,,Bsef20m500,2024-03-20 21:47:00.559120
123.48,-021.10,-106.70,,Bsef20m500,2024-03-20 21:47:00.565123
123.49,-021.12,-106.69,,Bsef20m500,2024-03-20 21:47:00.573271
123.50,-021.15,-106.67,,Bsef20m500,2024-03-20 21:47:00.578269
123.42,-021.18,-106.65,,Bsef20m500,2024-03-20 21:47:00.583270
123.43,-021.22,-106.62,,Bsef20m500,2024-03-20 21:47:00.589325
123.45,-021.26,-106.58,,Bsef20m500,2024-03-20 21:47:00.595306
123.47,-021.31,-106.55,,Bsef20m500,2024-03-20 21:47:00.599306
123.38,-021.35,-106.51,,Bsef20m500,2024-03-20 21:47:00.605309
123.40,-021.40,-106.48,,Bsef20m500,2024-03-20 21:47:00.609305
123.41,-021.44,-106.44,,Bsef20m500,2024-03-20 21:47:00.614306
123.42,-021.48,-106.40,,Bsef20m500,2024-03-20 21:47:00.620306
123.33,-021.53,-106.36,,Bsef20m500,2024-03-20 21:47:00.624308
123.34,-021.58,-106.33,,Bsef20m500,2024-03-20 21:47:00.628309
123.34,-021.63,-106.29,,Bsef20m500,2024-03-20 21:47:00.634309
123.34,-021.68,-106.25,,Bsef20m500,2024-03-20 21:47:00.639306
123.24,-021.73,-106.22,,Bsef20m500,2024-03-20 21:47:00.643306
123.24,-021.77,-106.20,,Bsef20m500,2024-03-20 21:47:00.648336
